country,iso_2,iso_3,wikipedia_link
Afghanistan,AF,AFG,https://en.wikipedia.org/wiki/Islamic_Republic_of_Afghanistan
Åland Islands,AX,ALA,https://en.wikipedia.org/wiki/Åland
Albania,AL,ALB,https://en.wikipedia.org/wiki/Albania
Algeria,DZ,DZA,https://en.wikipedia.org/wiki/Algeria
American Samoa,AS,ASM,https://en.wikipedia.org/wiki/American_Samoa
Andorra,AD,AND,https://en.wikipedia.org/wiki/Andorra
Angola,AO,AGO,https://en.wikipedia.org/wiki/Angola
Anguilla,AI,AIA,https://en.wikipedia.org/wiki/Anguilla
Antigua and Barbuda,AG,ATG,https://en.wikipedia.org/wiki/Antigua_and_Barbuda
Argentina,AR,ARG,https://en.wikipedia.org/wiki/Argentina
Armenia,AM,ARM,https://en.wikipedia.org/wiki/Armenia
Aruba,AW,ABW,https://en.wikipedia.org/wiki/Aruba
Austria,AT,AUT,https://en.wikipedia.org/wiki/Austria
Azerbaijan,AZ,AZE,https://en.wikipedia.org/wiki/Azerbaijan
Bahamas (the),BS,BHS,https://en.wikipedia.org/wiki/The_Bahamas
Bahrain,BH,BHR,https://en.wikipedia.org/wiki/Bahrain
Bangladesh,BD,BGD,https://en.wikipedia.org/wiki/Bangladesh
Barbados,BB,BRB,https://en.wikipedia.org/wiki/Barbados
Belarus,BY,BLR,https://en.wikipedia.org/wiki/Belarus
Belgium,BE,BEL,https://en.wikipedia.org/wiki/Belgium
Belize,BZ,BLZ,https://en.wikipedia.org/wiki/Belize
Benin,BJ,BEN,https://en.wikipedia.org/wiki/Benin
Bermuda,BM,BMU,https://en.wikipedia.org/wiki/Bermuda
Bhutan,BT,BTN,https://en.wikipedia.org/wiki/Bhutan
Bolivia (Plurinational State of),BO,BOL,https://en.wikipedia.org/wiki/Bolivia
Bosnia and Herzegovina,BA,BIH,https://en.wikipedia.org/wiki/Bosnia_and_Herzegovina
Botswana,BW,BWA,https://en.wikipedia.org/wiki/Botswana
Bouvet Island,BV,BVT,https://en.wikipedia.org/wiki/Bouvet_Island
Brazil,BR,BRA,https://en.wikipedia.org/wiki/Brazil
British Indian Ocean Territory (the),IO,IOT,https://en.wikipedia.org/wiki/British_Indian_Ocean_Territory
Bulgaria,BG,BGR,https://en.wikipedia.org/wiki/Bulgaria
Burkina Faso,BF,BFA,https://en.wikipedia.org/wiki/Burkina_Faso
Burundi,BI,BDI,https://en.wikipedia.org/wiki/Burundi
Cambodia,KH,KHM,https://en.wikipedia.org/wiki/Cambodia
Cameroon,CM,CMR,https://en.wikipedia.org/wiki/Cameroon
Canada,CA,CAN,https://en.wikipedia.org/wiki/Canada
Cayman Islands (the),KY,CYM,https://en.wikipedia.org/wiki/Cayman_Islands
Central African Republic (the),CF,CAF,https://en.wikipedia.org/wiki/Central_African_Republic
Chad,TD,TCD,https://en.wikipedia.org/wiki/Chad
Chile,CL,CHL,https://en.wikipedia.org/wiki/Chile
China,CN,CHN,https://en.wikipedia.org/wiki/China
Christmas Island,CX,CXR,https://en.wikipedia.org/wiki/Christmas_Island
Cocos (Keeling) Islands (the),CC,CCK,https://en.wikipedia.org/wiki/Cocos_(Keeling)_Islands
Colombia,CO,COL,https://en.wikipedia.org/wiki/Colombia
Comoros (the),KM,COM,https://en.wikipedia.org/wiki/Comoros
Congo (the Democratic Republic of the),CD,COD,https://en.wikipedia.org/wiki/Democratic_Republic_of_the_Congo
Cook Islands (the),CK,COK,https://en.wikipedia.org/wiki/Cook_Islands
Costa Rica,CR,CRI,https://en.wikipedia.org/wiki/Costa_Rica
Croatia,HR,HRV,https://en.wikipedia.org/wiki/Croatia
Cuba,CU,CUB,https://en.wikipedia.org/wiki/Cuba
Curaçao,CW,CUW,https://en.wikipedia.org/wiki/Curaçao
Cyprus,CY,CYP,https://en.wikipedia.org/wiki/Cyprus
Denmark,DK,DNK,https://en.wikipedia.org/wiki/Denmark
Djibouti,DJ,DJI,https://en.wikipedia.org/wiki/Djibouti
Dominica,DM,DMA,https://en.wikipedia.org/wiki/Dominica
Dominican Republic (the),DO,DOM,https://en.wikipedia.org/wiki/Dominican_Republic
Ecuador,EC,ECU,https://en.wikipedia.org/wiki/Ecuador
Egypt,EG,EGY,https://en.wikipedia.org/wiki/Egypt
El Salvador,SV,SLV,https://en.wikipedia.org/wiki/El_Salvador
Equatorial Guinea,GQ,GNQ,https://en.wikipedia.org/wiki/Equatorial_Guinea
Eritrea,ER,ERI,https://en.wikipedia.org/wiki/Eritrea
Estonia,EE,EST,https://en.wikipedia.org/wiki/Estonia
Ethiopia,ET,ETH,https://en.wikipedia.org/wiki/Ethiopia
Faroe Islands (the),FO,FRO,https://en.wikipedia.org/wiki/Faroe_Islands
Fiji,FJ,FJI,https://en.wikipedia.org/wiki/Fiji
Finland,FI,FIN,https://en.wikipedia.org/wiki/Finland
French Guiana,GF,GUF,https://en.wikipedia.org/wiki/French_Guiana
French Polynesia,PF,PYF,https://en.wikipedia.org/wiki/French_Polynesia
Gabon,GA,GAB,https://en.wikipedia.org/wiki/Gabon
Gambia (the),GM,GMB,https://en.wikipedia.org/wiki/The_Gambia
Georgia,GE,GEO,https://en.wikipedia.org/wiki/Georgia_(country)
Germany,DE,DEU,https://en.wikipedia.org/wiki/Germany
Ghana,GH,GHA,https://en.wikipedia.org/wiki/Ghana
Gibraltar,GI,GIB,https://en.wikipedia.org/wiki/Gibraltar
Greece,GR,GRC,https://en.wikipedia.org/wiki/Greece
Greenland,GL,GRL,https://en.wikipedia.org/wiki/Greenland
Grenada,GD,GRD,https://en.wikipedia.org/wiki/Grenada
Guadeloupe,GP,GLP,https://en.wikipedia.org/wiki/Guadeloupe
Guam,GU,GUM,https://en.wikipedia.org/wiki/Guam
Guatemala,GT,GTM,https://en.wikipedia.org/wiki/Guatemala
Guernsey,GG,GGY,https://en.wikipedia.org/wiki/Guernsey
Guinea,GN,GIN,https://en.wikipedia.org/wiki/Guinea
Guinea-Bissau,GW,GNB,https://en.wikipedia.org/wiki/Guinea-Bissau
Guyana,GY,GUY,https://en.wikipedia.org/wiki/Guyana
Haiti,HT,HTI,https://en.wikipedia.org/wiki/Haiti
Heard Island and McDonald Islands,HM,HMD,https://en.wikipedia.org/wiki/Heard_Island_and_McDonald_Islands
Honduras,HN,HND,https://en.wikipedia.org/wiki/Honduras
Hong Kong,HK,HKG,https://en.wikipedia.org/wiki/Hong_Kong
Hungary,HU,HUN,https://en.wikipedia.org/wiki/Hungary
Iceland,IS,ISL,https://en.wikipedia.org/wiki/Iceland
India,IN,IND,https://en.wikipedia.org/wiki/India
Indonesia,ID,IDN,https://en.wikipedia.org/wiki/Indonesia
Iraq,IQ,IRQ,https://en.wikipedia.org/wiki/Iraq
Ireland,IE,IRL,https://en.wikipedia.org/wiki/Republic_of_Ireland
Isle of Man,IM,IMN,https://en.wikipedia.org/wiki/Isle_of_Man
Israel,IL,ISR,https://en.wikipedia.org/wiki/Israel
Italy,IT,ITA,https://en.wikipedia.org/wiki/Italy
Jamaica,JM,JAM,https://en.wikipedia.org/wiki/Jamaica
Japan,JP,JPN,https://en.wikipedia.org/wiki/Japan
Jersey,JE,JEY,https://en.wikipedia.org/wiki/Jersey
Jordan,JO,JOR,https://en.wikipedia.org/wiki/Jordan
Kazakhstan,KZ,KAZ,https://en.wikipedia.org/wiki/Kazakhstan
Kenya,KE,KEN,https://en.wikipedia.org/wiki/Kenya
Kiribati,KI,KIR,https://en.wikipedia.org/wiki/Kiribati
Kuwait,KW,KWT,https://en.wikipedia.org/wiki/Kuwait
Kyrgyzstan,KG,KGZ,https://en.wikipedia.org/wiki/Kyrgyzstan
Latvia,LV,LVA,https://en.wikipedia.org/wiki/Latvia
Lebanon,LB,LBN,https://en.wikipedia.org/wiki/Lebanon
Lesotho,LS,LSO,https://en.wikipedia.org/wiki/Lesotho
Liberia,LR,LBR,https://en.wikipedia.org/wiki/Liberia
Libya,LY,LBY,https://en.wikipedia.org/wiki/Libya
Liechtenstein,LI,LIE,https://en.wikipedia.org/wiki/Liechtenstein
Lithuania,LT,LTU,https://en.wikipedia.org/wiki/Lithuania
Luxembourg,LU,LUX,https://en.wikipedia.org/wiki/Luxembourg
Madagascar,MG,MDG,https://en.wikipedia.org/wiki/Madagascar
Malawi,MW,MWI,https://en.wikipedia.org/wiki/Malawi
Malaysia,MY,MYS,https://en.wikipedia.org/wiki/Malaysia
Maldives,MV,MDV,https://en.wikipedia.org/wiki/Maldives
Mali,ML,MLI,https://en.wikipedia.org/wiki/Mali
Malta,MT,MLT,https://en.wikipedia.org/wiki/Malta
Marshall Islands (the),MH,MHL,https://en.wikipedia.org/wiki/Marshall_Islands
Martinique,MQ,MTQ,https://en.wikipedia.org/wiki/Martinique
Mauritania,MR,MRT,https://en.wikipedia.org/wiki/Mauritania
Mauritius,MU,MUS,https://en.wikipedia.org/wiki/Mauritius
Mayotte,YT,MYT,https://en.wikipedia.org/wiki/Mayotte
Mexico,MX,MEX,https://en.wikipedia.org/wiki/Mexico
Micronesia (Federated States of),FM,FSM,https://en.wikipedia.org/wiki/Federated_States_of_Micronesia
Moldova (the Republic of),MD,MDA,https://en.wikipedia.org/wiki/Moldova
Monaco,MC,MCO,https://en.wikipedia.org/wiki/Monaco
Mongolia,MN,MNG,https://en.wikipedia.org/wiki/Mongolia
Montenegro,ME,MNE,https://en.wikipedia.org/wiki/Montenegro
Montserrat,MS,MSR,https://en.wikipedia.org/wiki/Montserrat
Morocco,MA,MAR,https://en.wikipedia.org/wiki/Morocco
Mozambique,MZ,MOZ,https://en.wikipedia.org/wiki/Mozambique
Namibia,,NAM,https://en.wikipedia.org/wiki/Namibia
Naoero,NR,NRU,https://en.wikipedia.org/wiki/Nauru
Nepal,NP,NPL,https://en.wikipedia.org/wiki/Nepal
Netherlands (Kingdom of the),NL,NLD,https://en.wikipedia.org/wiki/Kingdom_of_the_Netherlands
New Caledonia,NC,NCL,https://en.wikipedia.org/wiki/New_Caledonia
New Zealand,NZ,NZL,https://en.wikipedia.org/wiki/New_Zealand
Nicaragua,NI,NIC,https://en.wikipedia.org/wiki/Nicaragua
Niger (the),NE,NER,https://en.wikipedia.org/wiki/Niger
Nigeria,NG,NGA,https://en.wikipedia.org/wiki/Nigeria
Niue,NU,NIU,https://en.wikipedia.org/wiki/Niue
Norfolk Island,NF,NFK,https://en.wikipedia.org/wiki/Norfolk_Island
Northern Mariana Islands (the),MP,MNP,https://en.wikipedia.org/wiki/Northern_Mariana_Islands
Norway,NO,NOR,https://en.wikipedia.org/wiki/Norway
Oman,OM,OMN,https://en.wikipedia.org/wiki/Oman
Pakistan,PK,PAK,https://en.wikipedia.org/wiki/Pakistan
Palau,PW,PLW,https://en.wikipedia.org/wiki/Palau
"Palestine, State of",PS,PSE,https://en.wikipedia.org/wiki/Palestine
Panama,PA,PAN,https://en.wikipedia.org/wiki/Panama
Papua New Guinea,PG,PNG,https://en.wikipedia.org/wiki/Papua_New_Guinea
Paraguay,PY,PRY,https://en.wikipedia.org/wiki/Paraguay
Peru,PE,PER,https://en.wikipedia.org/wiki/Peru
Philippines (the),PH,PHL,https://en.wikipedia.org/wiki/Philippines
Poland,PL,POL,https://en.wikipedia.org/wiki/Poland
Portugal,PT,PRT,https://en.wikipedia.org/wiki/Portugal
Puerto Rico,PR,PRI,https://en.wikipedia.org/wiki/Puerto_Rico
Qatar,QA,QAT,https://en.wikipedia.org/wiki/Qatar
Réunion,RE,REU,https://en.wikipedia.org/wiki/Réunion
Romania,RO,ROU,https://en.wikipedia.org/wiki/Romania
Rwanda,RW,RWA,https://en.wikipedia.org/wiki/Rwanda
Saint Barthélemy,BL,BLM,https://en.wikipedia.org/wiki/Saint_Barthélemy
Saint Kitts and Nevis,KN,KNA,https://en.wikipedia.org/wiki/Saint_Kitts_and_Nevis
Saint Lucia,LC,LCA,https://en.wikipedia.org/wiki/Saint_Lucia
Saint Martin (French part),MF,MAF,https://en.wikipedia.org/wiki/Collectivity_of_Saint_Martin
Saint Pierre and Miquelon,PM,SPM,https://en.wikipedia.org/wiki/Saint_Pierre_and_Miquelon
Saint Vincent and the Grenadines,VC,VCT,https://en.wikipedia.org/wiki/Saint_Vincent_and_the_Grenadines
Samoa,WS,WSM,https://en.wikipedia.org/wiki/Samoa
San Marino,SM,SMR,https://en.wikipedia.org/wiki/San_Marino
Sao Tome and Principe,ST,STP,https://en.wikipedia.org/wiki/São_Tomé_and_Príncipe
Saudi Arabia,SA,SAU,https://en.wikipedia.org/wiki/Saudi_Arabia
Senegal,SN,SEN,https://en.wikipedia.org/wiki/Senegal
Serbia,RS,SRB,https://en.wikipedia.org/wiki/Serbia
Seychelles,SC,SYC,https://en.wikipedia.org/wiki/Seychelles
Sierra Leone,SL,SLE,https://en.wikipedia.org/wiki/Sierra_Leone
Singapore,SG,SGP,https://en.wikipedia.org/wiki/Singapore
Sint Maarten (Dutch part),SX,SXM,https://en.wikipedia.org/wiki/Sint_Maarten
Slovakia,SK,SVK,https://en.wikipedia.org/wiki/Slovakia
Slovenia,SI,SVN,https://en.wikipedia.org/wiki/Slovenia
Solomon Islands,SB,SLB,https://en.wikipedia.org/wiki/Solomon_Islands
Somalia,SO,SOM,https://en.wikipedia.org/wiki/Somalia
South Africa,ZA,ZAF,https://en.wikipedia.org/wiki/South_Africa
South Georgia and the South Sandwich Islands,GS,SGS,https://en.wikipedia.org/wiki/South_Georgia_and_the_South_Sandwich_Islands
South Sudan,SS,SSD,https://en.wikipedia.org/wiki/South_Sudan
Spain,ES,ESP,https://en.wikipedia.org/wiki/Spain
Sri Lanka,LK,LKA,https://en.wikipedia.org/wiki/Sri_Lanka
Sudan (the),SD,SDN,https://en.wikipedia.org/wiki/Sudan
Suriname,SR,SUR,https://en.wikipedia.org/wiki/Suriname
Sweden,SE,SWE,https://en.wikipedia.org/wiki/Sweden
Switzerland,CH,CHE,https://en.wikipedia.org/wiki/Switzerland
Tajikistan,TJ,TJK,https://en.wikipedia.org/wiki/Tajikistan
"Tanzania, the United Republic of",TZ,TZA,https://en.wikipedia.org/wiki/Tanzania
Thailand,TH,THA,https://en.wikipedia.org/wiki/Thailand
Togo,TG,TGO,https://en.wikipedia.org/wiki/Togo
Tokelau,TK,TKL,https://en.wikipedia.org/wiki/Tokelau
Tonga,TO,TON,https://en.wikipedia.org/wiki/Tonga
Trinidad and Tobago,TT,TTO,https://en.wikipedia.org/wiki/Trinidad_and_Tobago
Tunisia,TN,TUN,https://en.wikipedia.org/wiki/Tunisia
Turkmenistan,TM,TKM,https://en.wikipedia.org/wiki/Turkmenistan
Turks and Caicos Islands (the),TC,TCA,https://en.wikipedia.org/wiki/Turks_and_Caicos_Islands
Tuvalu,TV,TUV,https://en.wikipedia.org/wiki/Tuvalu
Uganda,UG,UGA,https://en.wikipedia.org/wiki/Uganda
United Arab Emirates (the),AE,ARE,https://en.wikipedia.org/wiki/United_Arab_Emirates
United Kingdom of Great Britain and Northern Ireland (the),GB,GBR,https://en.wikipedia.org/wiki/United_Kingdom
United States of America (the),US,USA,https://en.wikipedia.org/wiki/United_States
Uruguay,UY,URY,https://en.wikipedia.org/wiki/Uruguay
Uzbekistan,UZ,UZB,https://en.wikipedia.org/wiki/Uzbekistan
Vanuatu,VU,VUT,https://en.wikipedia.org/wiki/Vanuatu
Venezuela (Bolivarian Republic of),VE,VEN,https://en.wikipedia.org/wiki/Venezuela
Wallis and Futuna,WF,WLF,https://en.wikipedia.org/wiki/Wallis_and_Futuna
Yemen,YE,YEM,https://en.wikipedia.org/wiki/Yemen
Zambia,ZM,ZMB,https://en.wikipedia.org/wiki/Zambia
Zimbabwe,ZW,ZWE,https://en.wikipedia.org/wiki/Zimbabwe
