country,iso_3,population 2026,gdp (us$) imf,gdp per capita (us$) imf,gdp (us$) wb,gdp per capita (us$) wb
Albania,ALB,2751025.0,"$33,333,312,000","$12,493","$30,540,188,271","$12,998"
Algeria,DZA,48028334.0,"$317,173,000,000","$6,628","$287,031,225,988","$6,051"
Andorra,AND,83753.0,"$4,879,000,000","$53,475","$4,500,982,732","$54,292"
Angola,AGO,40215179.0,"$152,354,000,000","$3,754","$122,174,889,424","$3,129"
Antigua and Barbuda,ATG,94626.0,"$2,385,000,000","$22,448","$2,338,196,296","$24,819"
Argentina,ARG,46003734.0,"$688,378,000,000","$14,357","$683,097,891,619","$14,898"
Armenia,ARM,2930915.0,"$31,873,000,000","$10,410","$29,243,452,882","$9,474"
Australia,AUS,27227096.0,"$2,123,963,000,000","$75,648","$1,798,518,933,689","$65,130"
Austria,AUT,9107266.0,"$623,719,000,000","$67,761","$579,470,021,095","$62,930"
Azerbaijan,AZE,10454855.0,"$78,372,000,000","$7,467","$75,937,647,059","$7,411"
Bahamas,BHS,404628.0,"$17,042,000,000","$40,892","$16,508,000,000","$40,005"
Bahrain,BHR,1675572.0,"$48,849,000,000","$29,569","$48,965,725,532","$30,597"
Bangladesh,BGD,177818044.0,"$510,705,000,000","$2,911","$456,319,229,256","$2,597"
Barbados,BRB,282724.0,"$8,483,000,000","$29,020","$8,016,550,000","$28,365"
Belarus,BLR,8937018.0,"$102,042,000,000","$11,286","$93,397,215,864","$10,279"
Belgium,BEL,11774642.0,"$776,730,000,000","$65,112","$725,466,462,860","$60,750"
Belize,BLZ,428644.0,"$3,450,000,000","$8,134","$3,326,500,000","$7,865"
Benin,BEN,15170419.0,"$27,786,000,000","$1,809","$24,566,420,904","$1,658"
Bhutan,BTN,802214.0,"$3,856,000,000","$4,867","$3,579,320,145","$4,493"
Bolivia,BOL,12749291.0,"$80,743,000,000","$6,333","$64,768,947,525","$5,148"
Bosnia and Herzegovina,BIH,3114242.0,"$36,771,000,000","$10,701","$32,599,982,936","$10,382"
Botswana,BWA,2603388.0,"$21,937,000,000","$8,490","$19,928,479,839","$7,778"
Brazil,BRA,213562666.0,"$2,635,912,000,000","$12,313","$2,279,920,092,492","$10,713"
Brunei Darussalam,BRN,469775.0,"$16,863,000,000","$36,288","$15,031,980,994","$32,235"
Bulgaria,BGR,6667659.0,"$148,121,000,000","$23,848","$130,777,235,530","$20,328"
Burkina Faso,BFA,24601700.0,"$32,513,000,000","$1,319","$27,627,297,461","$1,148"
Burundi,BDI,14729157.0,"$8,137,000,000",$546,"$3,364,713,864",$234
Cabo Verde,CPV,529630.0,"$3,448,000,000","$6,670","$3,056,630,435","$5,796"
Cambodia,KHM,18051219.0,"$52,379,000,000","$2,902","$51,267,065,843","$2,872"
Cameroon,CMR,30640817.0,"$65,135,000,000","$2,125","$58,933,453,924","$1,972"
Canada,CAN,40467728.0,"$2,507,340,000,000","$60,305","$2,319,899,772,426","$55,698"
Central African Republic,CAF,5698984.0,"$3,492,000,000",$613,"$3,066,109,226",$556
Chad,TCD,21560380.0,"$25,628,000,000","$1,315","$21,472,835,225","$1,022"
Chile,CHL,19945850.0,"$407,850,000,000","$20,240","$357,371,159,575","$17,995"
China,CHN,1412914089.0,"$20,851,593,000,000","$14,874","$19,498,039,388,043","$13,862"
Colombia,COL,53936226.0,"$539,530,000,000","$10,104","$457,410,034,203","$8,562"
Comoros,COM,899010.0,"$1,814,000,000","$1,951","$1,814,920,856","$2,056"
Congo,COG,6637785.0,"$17,028,000,000","$2,554","$16,306,633,779","$2,515"
Costa Rica,CRI,5174789.0,"$109,931,000,000","$20,299","$102,904,921,157","$19,970"
Croatia,HRV,3822345.0,"$116,574,000,000","$30,030","$105,060,182,186","$27,104"
Cuba,CUB,10892659.0,"$201,985,998,168","$18,329","$201,985,998,168","$18,329"
Cyprus,CYP,1382334.0,"$45,171,000,000","$45,409","$41,225,787,247","$41,783"
Czechia,CZE,10527781.0,"$432,597,000,000","$39,795","$391,026,962,800","$35,917"
Côte d'Ivoire,CIV,33494346.0,"$112,115,000,000","$3,313","$99,773,555,666","$3,050"
Democratic People's Republic of Korea,PRK,26633691.0,"$16,446,632,290",$640,"$16,446,632,290",$640
Democratic Republic of the Congo,COD,116452162.0,"$123,406,000,000","$1,122","$91,030,531,317",$807
Denmark,DNK,6023520.0,"$503,772,000,000","$83,445","$462,526,660,468","$76,970"
Djibouti,DJI,1199459.0,"$4,725,000,000","$4,421","$4,624,533,092","$3,906"
Dominica,DMA,65511.0,"$791,000,000","$10,459","$723,859,259","$10,989"
Dominican Republic,DOM,11609500.0,"$136,148,000,000","$12,406","$127,407,463,759","$11,059"
Ecuador,ECU,18444506.0,"$138,194,000,000","$7,575","$130,320,560,400","$7,125"
Egypt,EGY,120101175.0,"$429,645,000,000","$3,904","$365,254,630,180","$3,086"
El Salvador,SLV,6391253.0,"$39,838,000,000","$6,196","$36,708,110,000","$5,767"
Equatorial Guinea,GNQ,1984468.0,"$13,722,000,000","$8,152","$12,823,210,426","$6,615"
Eritrea,ERI,3682669.0,"$2,275,290,216",$656,"$2,275,290,216",$656
Estonia,EST,1331062.0,"$51,634,000,000","$37,718","$47,030,833,799","$34,418"
Eswatini,SWZ,1269859.0,"$5,792,000,000","$4,927","$5,160,679,613","$4,108"
Ethiopia,ETH,138902185.0,"$121,527,000,000","$1,081","$126,358,758,448",$933
European Union,,,,,,
Fiji,FJI,937282.0,"$6,352,000,000","$6,802","$6,198,013,062","$6,642"
Finland,FIN,5621739.0,"$337,669,000,000","$60,130","$317,039,368,820","$56,149"
France,FRA,66746401.0,"$3,596,094,000,000","$52,083","$3,366,315,927,447","$48,986"
Gabon,GAB,2647399.0,"$23,363,000,000","$9,918","$21,427,119,323","$8,263"
Gambia,GMB,2884079.0,"$2,792,000,000",$953,"$2,593,673,988",$919
Georgia,GEO,3804642.0,"$42,716,000,000","$11,574","$38,143,612,855","$9,692"
Germany,DEU,83644258.0,"$5,452,858,000,000","$65,303","$5,050,922,925,047","$60,496"
Ghana,GHA,35697557.0,"$118,293,000,000","$3,314","$114,209,905,279","$3,257"
Greece,GRC,9897115.0,"$307,554,000,000","$29,696","$280,635,521,324","$26,948"
Grenada,GRD,117362.0,"$1,483,000,000","$12,689","$1,420,173,229","$12,107"
Guatemala,GTM,18967978.0,"$128,886,000,000","$6,810","$123,306,008,821","$6,598"
Guinea,GIN,15441993.0,"$29,930,000,000","$1,848","$28,346,024,753","$1,877"
Guinea-Bissau,GNB,2297808.0,"$2,985,000,000","$1,449","$2,527,930,273","$1,124"
Guyana,GUY,840890.0,"$33,961,000,000","$33,167","$27,097,477,218","$32,414"
Haiti,HTI,12037506.0,"$39,180,000,000","$3,079","$32,077,278,409","$2,694"
Holy See,VAT,506.0,,,,
Honduras,HND,11184760.0,"$41,505,000,000","$3,711","$39,601,409,103","$3,598"
Hungary,HUN,9585818.0,"$271,122,000,000","$28,430","$246,490,213,513","$25,907"
Iceland,ISL,402329.0,"$43,800,000,000","$110,048","$38,582,528,789","$98,323"
India,IND,1476625576.0,"$4,153,191,000,000","$2,813","$3,956,067,115,772","$2,702"
Indonesia,IDN,287886782.0,"$1,539,872,000,000","$5,362","$1,445,642,584,164","$5,060"
Iran,IRN,93168497.0,"$300,293,000,000","$3,415","$362,682,115,433","$3,924"
Iraq,IRQ,48007437.0,"$264,784,000,000","$5,677","$254,367,293,538","$5,410"
Ireland,IRL,5356950.0,"$779,381,000,000","$140,186","$721,701,359,046","$131,592"
Israel,ISR,9647689.0,"$719,848,000,000","$69,804","$610,777,842,874","$60,337"
Italy,ITA,58926166.0,"$2,738,164,000,000","$46,505","$2,551,556,954,100","$43,309"
Jamaica,JAM,2833403.0,"$23,028,000,000","$8,356","$22,704,903,218","$8,003"
Japan,JPN,122427731.0,"$4,379,253,000,000","$35,703","$4,435,162,999,977","$35,951"
Jordan,JOR,11589532.0,"$64,909,000,000","$5,601","$61,610,052,535","$5,348"
Kazakhstan,KAZ,21083626.0,"$360,456,000,000","$17,503","$306,239,209,650","$14,692"
Kenya,KEN,58636412.0,"$147,265,000,000","$2,714","$135,941,278,879","$2,363"
Kiribati,KIR,138445.0,"$401,000,000","$3,051","$349,227,254","$2,559"
Kuwait,KWT,5102773.0,"$172,920,000,000","$33,164","$157,209,026,926","$32,312"
Kyrgyzstan,KGZ,7400465.0,"$23,606,000,000","$3,202","$22,623,752,095","$3,081"
Lao People's Democratic Republic,LAO,7974017.0,"$18,959,000,000","$2,403","$18,302,970,219","$2,325"
Latvia,LVA,1835935.0,"$53,686,000,000","$28,913","$48,618,869,160","$26,312"
Lebanon,LBN,5897467.0,"$34,497,000,000","$6,443","$34,497,000,000","$6,443"
Lesotho,LSO,2389336.0,"$2,972,000,000","$1,241","$2,573,572,920","$1,089"
Liberia,LBR,5853949.0,"$5,642,000,000",$964,"$5,245,938,900",$915
Libya,LBY,7539851.0,"$52,453,000,000","$6,962","$48,098,909,614","$6,449"
Liechtenstein,LIE,40368.0,"$9,442,000,000","$226,809","$8,991,000,000","$217,928"
Lithuania,LTU,2797338.0,"$105,907,000,000","$36,545","$95,210,150,818","$32,959"
Luxembourg,LUX,687448.0,"$110,417,000,000","$158,733","$101,157,829,491","$147,252"
Madagascar,MDG,33522052.0,"$21,185,000,000",$656,"$19,620,352,036",$599
Malawi,MWI,22785535.0,"$18,152,000,000",$733,"$14,918,276,698",$672
Malaysia,MYS,36385115.0,"$516,428,000,000","$15,085","$472,193,128,645","$13,125"
Maldives,MDV,531517.0,"$8,130,000,000","$19,464","$7,741,066,861","$14,615"
Mali,MLI,25932275.0,"$33,847,000,000","$1,301","$30,069,148,581","$1,193"
Malta,MLT,549011.0,"$30,712,000,000","$53,560","$27,771,821,561","$47,907"
Marshall Islands,MHL,35075.0,"$342,000,000","$9,677","$308,000,000","$8,489"
Mauritania,MRT,5461319.0,"$14,352,000,000","$3,033","$11,679,910,946","$2,198"
Mauritius,MUS,1265059.0,"$17,119,000,000","$13,812","$16,157,804,492","$12,991"
Mexico,MEX,132997658.0,"$2,120,855,000,000","$15,779","$1,832,641,364,776","$13,889"
Micronesia,FSM,114183.0,"$521,000,000","$5,514","$501,797,600","$4,414"
Moldova,MDA,2961253.0,"$21,889,000,000","$9,354","$20,351,796,275","$8,622"
Monaco,MCO,38087.0,"$11,125,788,838","$288,002","$11,125,788,838","$288,002"
Mongolia,MNG,3556798.0,"$28,450,000,000","$7,853","$25,369,107,325","$7,108"
Montenegro,MNE,626233.0,"$10,227,000,000","$16,377","$9,232,801,465","$14,817"
Morocco,MAR,38762441.0,"$194,333,000,000","$5,107","$182,374,250,612","$4,672"
Mozambique,MOZ,36639851.0,"$23,275,000,000",$632,"$22,337,997,046",$627
Namibia,NAM,3153246.0,"$17,314,000,000","$5,573","$15,080,340,654","$4,876"
Naoero,NRO,12101.0,"$196,000,000","$16,053","$176,040,044","$14,640"
Nepal,NPL,29629410.0,"$45,844,000,000","$1,548","$45,489,810,283","$1,536"
Netherlands,NLD,18448775.0,"$1,449,704,000,000","$79,918","$1,332,767,651,100","$73,684"
New Zealand,NZL,5287479.0,"$278,636,000,000","$52,023","$264,057,413,740","$49,591"
Nicaragua,NIC,7097329.0,"$24,227,000,000","$3,559","$22,237,167,113","$3,173"
Niger,NER,28814878.0,"$24,813,000,000",$822,"$21,646,191,388",$775
Nigeria,NGA,242431832.0,"$377,365,000,000","$1,556","$290,794,361,542","$1,224"
North Macedonia,MKD,1804063.0,"$21,605,000,000","$11,967","$19,101,199,817","$10,490"
Norway,NOR,5652989.0,"$599,406,000,000","$105,877","$530,755,719,439","$94,594"
Oman,OMN,5671458.0,"$117,176,000,000","$21,645","$109,604,780,696","$19,947"
Pakistan,PAK,259299791.0,"$407,786,000,000","$1,696","$407,307,214,476","$1,596"
Palau,PLW,17614.0,"$377,000,000","$21,571","$345,000,000","$19,532"
Panama,PAN,4625718.0,"$95,024,000,000","$20,564","$90,462,600,000","$19,790"
Papua New Guinea,PNG,10947848.0,"$34,403,000,000","$2,632","$32,498,658,654","$3,020"
Paraguay,PRY,7095279.0,"$60,542,000,000","$9,372","$49,278,227,554","$7,027"
Peru,PER,34922148.0,"$380,900,000,000","$10,960","$334,854,659,182","$9,684"
Philippines,PHL,117724471.0,"$512,222,000,000","$4,443","$487,086,123,720","$4,171"
Poland,POL,37843188.0,"$1,134,248,000,000","$31,336","$1,035,491,784,197","$28,420"
Portugal,PRT,10395362.0,"$380,637,000,000","$35,434","$346,639,825,142","$32,082"
Qatar,QAT,3173559.0,"$217,416,000,000","$68,138","$215,559,615,385","$72,525"
Republic of Korea,KOR,51600388.0,"$1,931,008,000,000","$37,412","$1,872,374,961,553","$36,227"
Romania,ROU,18800605.0,"$480,834,000,000","$25,693","$428,677,977,855","$22,538"
Russian Federation,RUS,143394458.0,"$2,656,452,000,000","$18,525","$2,561,310,169,359","$17,547"
Rwanda,RWA,14889693.0,"$17,336,000,000","$1,198","$16,372,132,990","$1,124"
Saint Kitts and Nevis,KNA,46992.0,"$1,143,000,000","$22,146","$1,183,514,815","$25,223"
Saint Lucia,LCA,180488.0,"$2,765,000,000","$15,135","$2,656,444,444","$14,746"
Saint Vincent & Grenadines,VCT,99245.0,"$1,236,000,000","$11,098","$1,255,222,222","$12,562"
Samoa,WSM,220528.0,"$1,376,000,000","$6,455","$1,287,936,622","$5,873"
San Marino,SMR,33605.0,"$2,417,000,000","$70,187","$2,251,000,000","$65,543"
Sao Tome and Principe,STP,244994.0,"$1,161,000,000","$4,739","$981,293,587","$4,084"
Saudi Arabia,SAU,35165787.0,"$1,388,676,000,000","$37,811","$1,276,942,933,333","$34,537"
Senegal,SEN,19366548.0,"$40,469,000,000","$2,054","$37,006,536,238","$1,955"
Serbia,SRB,6641964.0,"$112,025,000,000","$17,252","$99,953,324,473","$15,262"
Seychelles,SYC,134959.0,"$2,251,000,000","$17,675","$2,387,022,853","$19,449"
Sierra Leone,SLE,8996745.0,"$8,270,000,000",$919,"$7,464,157,904",$846
Singapore,SGP,5905748.0,"$659,572,000,000","$107,758","$603,869,516,999","$98,814"
Slovakia,SVK,5451342.0,"$168,897,000,000","$31,242","$154,530,066,507","$28,544"
Slovenia,SVN,2114573.0,"$86,732,000,000","$40,630","$79,648,204,979","$37,376"
Solomon Islands,SLB,858288.0,"$1,836,000,000","$2,258","$1,749,572,443","$2,086"
Somalia,SOM,20305907.0,"$14,174,000,000",$813,"$12,995,200,000",$661
South Africa,ZAF,65453084.0,"$479,964,000,000","$7,503","$427,184,325,997","$6,598"
South Sudan,SSD,12436037.0,"$6,069,000,000",$488,"$5,733,000,000",$470
Spain,ESP,47850793.0,"$2,091,222,000,000","$41,563","$1,906,453,309,986","$38,627"
Sri Lanka,LKA,23348315.0,"$108,825,231,671","$5,002","$108,825,231,671","$5,002"
State of Palestine,PSE,5692790.0,"$17,167,100,000","$3,171","$17,167,100,000","$3,171"
Sudan,SDN,53282719.0,"$44,688,000,000",$864,"$60,162,634,574","$1,165"
Suriname,SUR,645256.0,"$5,908,000,000","$8,856","$4,523,657,797","$7,070"
Sweden,SWE,10701047.0,"$760,481,000,000","$70,676","$668,998,664,082","$63,133"
Switzerland,CHE,9007798.0,"$1,146,911,000,000","$126,177","$1,043,529,899,251","$114,769"
Syria,SYR,26472497.0,"$19,993,439,950",$847,"$19,993,439,950",$847
Tajikistan,TJK,10978599.0,"$20,418,000,000","$1,939","$17,660,626,562","$1,637"
Tanzania,TZA,72563780.0,"$94,889,000,000","$1,362","$90,143,496,090","$1,319"
Thailand,THA,71559614.0,"$579,996,000,000","$8,105","$577,009,981,112","$8,057"
Timor-Leste,TLS,1436923.0,"$2,170,000,000","$1,520","$1,902,180,258","$1,341"
Togo,TGO,9930918.0,"$13,437,000,000","$1,341","$11,889,949,067","$1,384"
Tonga,TON,103291.0,"$716,000,000","$7,238","$679,218,219","$6,547"
Trinidad and Tobago,TTO,1513268.0,"$26,836,000,000","$18,616","$25,942,749,718","$18,967"
Tunisia,TUN,12415138.0,"$60,745,000,000","$4,893","$57,502,836,548","$4,657"
Turkey,TUR,87926082.0,"$1,640,223,000,000","$19,018","$1,597,293,229,287","$18,599"
Turkmenistan,TKM,7736632.0,"$83,065,000,000","$12,300","$49,828,621,356","$6,540"
Tuvalu,TUV,9362.0,"$65,000,000","$6,581","$58,000,000","$5,823"
UN President of the Assembly,,,,,,
UN Secretary General,,,,,,
Uganda,UGA,52761469.0,"$73,370,000,000","$1,476","$61,985,829,288","$1,206"
Ukraine,UKR,39535849.0,"$225,337,000,000","$6,980","$214,233,312,784","$5,866"
United Arab Emirates,ARE,11574682.0,"$621,546,000,000","$54,214","$571,643,000,000","$50,232"
United Kingdom,GBR,69931528.0,"$4,264,794,000,000","$61,056","$4,002,587,541,846","$57,602"
United States of America,USA,349035494.0,"$32,383,920,000,000","$94,430","$30,769,700,000,000","$90,027"
Uruguay,URY,3382537.0,"$96,092,000,000","$27,608","$85,347,696,278","$25,216"
Uzbekistan,UZB,37724223.0,"$181,502,000,000","$4,661","$147,038,081,129","$3,968"
Vanuatu,VUT,342564.0,"$1,396,000,000","$4,082","$1,353,658,841","$4,039"
Venezuela,VEN,28633711.0,"$111,303,000,000","$4,140","$99,661,244,156","$3,495"
Viet Nam,VNM,102177431.0,"$527,266,000,000","$5,115","$514,697,215,165","$5,066"
Yemen,YEM,42961653.0,"$7,435,000,000",$384,"$7,897,000,000",$420
Zambia,ZMB,22521915.0,"$41,243,000,000","$1,831","$28,879,806,220","$1,318"
Zimbabwe,ZWE,17273580.0,"$56,713,000,000","$3,199","$51,215,643,906","$3,021"
