Country Code ISO3,country,2026 SDG Index Score,2026 SDG Index Rank,Goal 1 Dash,Goal 1 Trend,Goal 2 Dash,Goal 2 Trend,Goal 3 Dash,Goal 3 Trend,Goal 4 Dash,Goal 4 Trend,Goal 5 Dash,Goal 5 Trend,Goal 6 Dash,Goal 6 Trend,Goal 7 Dash,Goal 7 Trend,Goal 8 Dash,Goal 8 Trend,Goal 9 Dash,Goal 9 Trend,Goal 10 Dash,Goal 10 Trend,Goal 11 Dash,Goal 11 Trend,Goal 12 Dash,Goal 12 Trend,Goal 13 Dash,Goal 13 Trend,Goal 14 Dash,Goal 14 Trend,Goal 15 Dash,Goal 15 Trend,Goal 16 Dash,Goal 16 Trend,Goal 17 Dash,Goal 17 Trend,Poverty headcount ratio at $3.00/day (%),sdg_profile
FIN,Finland,87.40494812083341,1.0,green,→,orange,→,yellow,➚,yellow,→,yellow,➚,yellow,➚,green,↑,orange,→,green,➚,green,➚,yellow,➚,red,→,red,➚,orange,➚,orange,→,yellow,➚,orange,➚,0.116,https://dashboards.sdgindex.org/profiles/finland/
SWE,Sweden,86.26331104744929,2.0,green,↑,orange,→,yellow,➚,orange,➚,green,↑,yellow,➚,green,↑,yellow,→,green,↑,yellow,→,orange,➚,red,➚,orange,→,red,→,red,→,orange,→,yellow,➚,0.35,https://dashboards.sdgindex.org/profiles/sweden/
DNK,Denmark,85.67824124862068,3.0,green,→,orange,→,yellow,➚,yellow,→,green,↑,orange,➚,green,↑,yellow,➚,green,➚,yellow,↓,yellow,➚,red,→,red,➚,orange,→,orange,➚,yellow,➚,yellow,➚,0.254,https://dashboards.sdgindex.org/profiles/denmark/
NOR,Norway,84.08087423263011,4.0,green,↑,orange,→,green,➚,orange,→,green,➚,orange,→,green,↑,green,➚,green,➚,green,↑,yellow,➚,red,→,red,➚,orange,→,red,➚,orange,➚,orange,→,0.109,https://dashboards.sdgindex.org/profiles/norway/
DEU,Germany,84.02148211102623,5.0,yellow,↓,orange,➚,orange,➚,orange,→,yellow,→,orange,➚,yellow,➚,yellow,➚,yellow,➚,yellow,↓,green,↑,red,→,red,➚,orange,➚,yellow,→,yellow,→,orange,→,0.089,https://dashboards.sdgindex.org/profiles/germany/
AUT,Austria,83.94830939738367,6.0,green,→,orange,→,yellow,➚,orange,→,yellow,➚,yellow,→,green,↑,yellow,➚,yellow,➚,yellow,↓,yellow,➚,red,→,red,→,grey,,orange,→,yellow,→,red,➚,0.318,https://dashboards.sdgindex.org/profiles/austria/
FRA,France,83.43048764536115,7.0,green,→,orange,➚,orange,➚,orange,→,yellow,↑,yellow,➚,yellow,➚,yellow,➚,green,➚,yellow,➚,yellow,➚,red,→,orange,→,orange,→,yellow,➚,orange,→,orange,→,0.059,https://dashboards.sdgindex.org/profiles/france/
GBR,United Kingdom,82.45069574053397,8.0,yellow,↓,red,→,orange,➚,yellow,→,yellow,↑,yellow,→,orange,➚,yellow,➚,green,➚,orange,→,yellow,➚,red,➚,red,→,orange,➚,yellow,➚,orange,→,red,→,0.02,https://dashboards.sdgindex.org/profiles/united-kingdom/
ISL,Iceland,82.31974551820728,9.0,green,→,orange,→,yellow,➚,orange,→,yellow,➚,yellow,➚,green,➚,green,↑,green,➚,green,,yellow,↑,red,→,red,→,orange,➚,red,→,yellow,→,orange,↑,0.129,https://dashboards.sdgindex.org/profiles/iceland/
CZE,Czechia,82.20955628742173,10.0,green,→,red,➚,yellow,➚,orange,➚,yellow,➚,yellow,➚,yellow,➚,yellow,➚,yellow,➚,green,↑,yellow,↑,red,→,red,➚,grey,,green,➚,orange,→,orange,→,0.128,https://dashboards.sdgindex.org/profiles/czechia/
POL,Poland,82.06952168778932,11.0,green,↑,orange,→,yellow,➚,orange,➚,yellow,➚,yellow,→,orange,➚,yellow,➚,yellow,➚,yellow,➚,yellow,➚,red,↓,orange,➚,red,→,green,➚,orange,→,orange,➚,0.2,https://dashboards.sdgindex.org/profiles/poland/
EST,Estonia,81.79064623970801,12.0,yellow,➚,orange,→,orange,➚,yellow,→,orange,➚,yellow,➚,yellow,➚,orange,→,yellow,↑,orange,➚,yellow,↑,red,→,red,➚,yellow,➚,orange,➚,yellow,➚,red,➚,0.319,https://dashboards.sdgindex.org/profiles/estonia/
HRV,Croatia,81.76513524743231,13.0,green,↑,orange,→,yellow,➚,green,➚,orange,➚,yellow,➚,yellow,➚,yellow,➚,orange,➚,yellow,➚,yellow,↑,red,→,red,↓,orange,➚,yellow,→,orange,→,orange,➚,0.313,https://dashboards.sdgindex.org/profiles/croatia/
LVA,Latvia,81.71221243103302,14.0,yellow,➚,red,→,orange,➚,yellow,→,yellow,↑,yellow,➚,yellow,↑,yellow,↑,red,➚,red,→,green,↑,red,→,orange,↓,orange,➚,yellow,➚,orange,➚,red,→,0.518,https://dashboards.sdgindex.org/profiles/latvia/
SVN,Slovenia,81.6622679144385,15.0,green,→,orange,→,yellow,➚,orange,→,yellow,➚,orange,→,yellow,➚,yellow,➚,green,➚,yellow,➚,yellow,↑,red,→,red,↓,red,→,orange,↓,yellow,→,orange,➚,0.125,https://dashboards.sdgindex.org/profiles/slovenia/
ESP,Spain,81.16704487734488,16.0,yellow,→,red,→,yellow,➚,orange,➚,green,↑,yellow,→,yellow,➚,orange,↑,yellow,➚,yellow,➚,orange,➚,red,→,red,➚,orange,→,red,→,orange,→,orange,→,0.183,https://dashboards.sdgindex.org/profiles/spain/
PRT,Portugal,81.1347079110432,17.0,yellow,➚,orange,→,yellow,➚,orange,→,yellow,↑,orange,➚,yellow,↑,yellow,➚,yellow,➚,orange,→,yellow,➚,red,→,orange,➚,red,↓,orange,→,orange,→,orange,➚,0.497,https://dashboards.sdgindex.org/profiles/portugal/
BEL,Belgium,81.0848341668136,18.0,green,↑,orange,→,yellow,➚,orange,→,green,↑,orange,→,orange,➚,yellow,↑,yellow,➚,yellow,↑,yellow,➚,red,→,red,→,red,→,orange,➚,yellow,→,orange,→,0.08600000000000001,https://dashboards.sdgindex.org/profiles/belgium/
NLD,Netherlands,81.04259513035983,19.0,green,↑,red,→,yellow,➚,orange,→,yellow,↑,yellow,→,yellow,➚,green,➚,green,➚,yellow,→,yellow,↑,red,→,red,➚,red,→,orange,→,yellow,→,red,→,0.12,https://dashboards.sdgindex.org/profiles/netherlands/
JPN,Japan,81.01733136504018,20.0,yellow,→,orange,↓,yellow,➚,yellow,→,red,➚,yellow,➚,orange,➚,yellow,➚,orange,➚,orange,,orange,→,orange,➚,red,→,red,→,red,→,yellow,→,orange,→,0.376,https://dashboards.sdgindex.org/profiles/japan/
SVK,Slovak Republic,80.90031276525761,21.0,green,↑,red,→,yellow,→,red,➚,orange,➚,yellow,➚,yellow,➚,yellow,↑,orange,➚,green,➚,yellow,➚,red,→,red,➚,grey,,yellow,→,orange,→,orange,➚,0.388,https://dashboards.sdgindex.org/profiles/slovak-republic/
CHE,Switzerland,80.31610654761904,22.0,yellow,↓,orange,→,green,➚,orange,→,yellow,➚,orange,➚,yellow,➚,yellow,→,yellow,↑,orange,↓,yellow,➚,red,→,orange,➚,grey,,red,→,orange,→,red,→,0.14,https://dashboards.sdgindex.org/profiles/switzerland/
LTU,Lithuania,80.03180641286818,23.0,yellow,➚,red,→,orange,➚,orange,→,yellow,➚,yellow,➚,yellow,➚,yellow,➚,orange,➚,red,→,yellow,➚,red,→,red,↓,orange,→,yellow,➚,yellow,↑,red,→,0.606,https://dashboards.sdgindex.org/profiles/lithuania/
HUN,Hungary,80.01199213425464,24.0,green,➚,orange,→,orange,➚,orange,→,orange,➚,yellow,➚,yellow,➚,orange,➚,yellow,➚,yellow,↓,orange,➚,red,↓,red,→,grey,,yellow,→,orange,→,orange,→,0.558,https://dashboards.sdgindex.org/profiles/hungary/
IRL,Ireland,80.00146024531027,25.0,green,↑,red,→,yellow,➚,yellow,→,orange,➚,orange,→,orange,➚,green,↑,green,➚,yellow,➚,yellow,➚,red,↓,red,→,orange,➚,orange,➚,yellow,→,red,→,0.024,https://dashboards.sdgindex.org/profiles/ireland/
ITA,Italy,79.90549743230625,26.0,yellow,➚,orange,→,yellow,➚,orange,→,yellow,➚,orange,→,orange,➚,orange,→,orange,➚,orange,→,yellow,↑,red,→,red,→,red,→,orange,→,orange,→,orange,→,0.533,https://dashboards.sdgindex.org/profiles/italy/
NZL,New Zealand,79.51470454826483,27.0,grey,,red,→,yellow,➚,orange,→,yellow,➚,orange,➚,yellow,➚,yellow,➚,green,➚,orange,↓,green,➚,red,→,red,→,red,↓,red,→,yellow,→,red,➚,,https://dashboards.sdgindex.org/profiles/new-zealand/
CAN,Canada,79.06932441643325,28.0,yellow,➚,red,→,orange,➚,yellow,→,orange,➚,orange,→,yellow,➚,yellow,➚,green,➚,yellow,➚,orange,→,red,→,red,➚,orange,➚,red,→,orange,→,red,→,0.048,https://dashboards.sdgindex.org/profiles/canada/
AUS,Australia,79.02340253374075,29.0,yellow,→,red,→,orange,➚,orange,→,yellow,↑,yellow,➚,orange,➚,yellow,➚,green,➚,orange,,yellow,↑,red,➚,red,→,orange,➚,red,→,orange,→,red,→,0.171,https://dashboards.sdgindex.org/profiles/australia/
MLT,Malta,78.92787054154995,30.0,green,→,red,→,yellow,➚,green,→,yellow,➚,orange,➚,orange,➚,green,↑,yellow,➚,orange,↓,yellow,➚,red,→,orange,→,red,→,yellow,➚,orange,↓,red,➚,0.132,https://dashboards.sdgindex.org/profiles/malta/
MDA,Moldova,78.8066967235379,31.0,green,↑,orange,→,orange,→,green,→,yellow,➚,orange,➚,yellow,→,orange,➚,red,→,green,↑,yellow,↑,orange,↓,yellow,→,grey,,orange,→,orange,➚,yellow,➚,0.559,https://dashboards.sdgindex.org/profiles/moldova/
GRC,Greece,78.63306041507514,32.0,yellow,→,red,→,yellow,➚,orange,→,orange,→,yellow,➚,yellow,➚,orange,↑,yellow,↑,orange,→,orange,➚,red,↓,red,→,orange,➚,orange,→,orange,→,orange,→,0.043,https://dashboards.sdgindex.org/profiles/greece/
CHL,Chile,78.45641116204058,33.0,yellow,➚,orange,→,yellow,➚,orange,→,yellow,➚,yellow,➚,yellow,➚,orange,→,red,➚,red,→,orange,→,red,→,orange,→,orange,→,red,→,red,↓,orange,→,0.012,https://dashboards.sdgindex.org/profiles/chile/
KOR,"Korea, Rep.",78.41408859082094,34.0,yellow,➚,orange,→,yellow,➚,yellow,➚,orange,➚,orange,➚,orange,➚,yellow,➚,yellow,↑,orange,➚,orange,➚,orange,→,red,↓,orange,→,red,→,orange,→,red,➚,0.0,https://dashboards.sdgindex.org/profiles/korea-rep/
BLR,Belarus,78.32973899564486,35.0,green,↑,orange,→,orange,➚,yellow,→,yellow,→,green,➚,orange,➚,red,→,orange,➚,green,,green,↑,red,→,orange,→,grey,,red,➚,red,→,yellow,➚,0.153,https://dashboards.sdgindex.org/profiles/belarus/
SRB,Serbia,78.16592790510143,36.0,green,➚,orange,→,orange,➚,yellow,→,orange,➚,orange,➚,yellow,➚,yellow,➚,orange,➚,orange,↑,yellow,↑,yellow,→,orange,↓,grey,,red,→,red,→,yellow,→,1.156,https://dashboards.sdgindex.org/profiles/serbia/
ROU,Romania,78.07693235294118,37.0,green,↑,orange,→,orange,➚,orange,↓,orange,➚,yellow,➚,orange,→,yellow,→,orange,➚,yellow,↑,yellow,↑,orange,↓,orange,→,yellow,➚,orange,→,orange,→,orange,→,1.063,https://dashboards.sdgindex.org/profiles/romania/
URY,Uruguay,77.91435775629598,38.0,green,↑,red,→,orange,➚,yellow,➚,yellow,➚,yellow,↑,green,➚,yellow,➚,orange,➚,orange,→,yellow,➚,red,➚,yellow,→,red,→,red,→,orange,→,green,↑,0.64,https://dashboards.sdgindex.org/profiles/uruguay/
LUX,Luxembourg,77.53822282807063,39.0,green,➚,red,→,green,➚,orange,➚,yellow,➚,orange,➚,orange,↑,yellow,➚,orange,➚,yellow,→,orange,➚,red,→,red,➚,grey,,red,→,yellow,→,red,→,0.095,https://dashboards.sdgindex.org/profiles/luxembourg/
CUB,Cuba,76.60030938621063,40.0,grey,,orange,↓,orange,→,yellow,→,yellow,→,orange,➚,orange,➚,grey,,red,→,grey,,yellow,→,yellow,↑,yellow,↑,orange,➚,red,→,grey,,yellow,↑,,https://dashboards.sdgindex.org/profiles/cuba/
BGR,Bulgaria,76.18813127917832,41.0,green,↑,orange,→,red,➚,yellow,→,orange,➚,yellow,→,yellow,➚,orange,➚,orange,➚,orange,↓,yellow,➚,red,→,orange,→,red,→,green,➚,orange,→,orange,➚,0.541,https://dashboards.sdgindex.org/profiles/bulgaria/
UKR,Ukraine,75.89129563083974,42.0,grey,,orange,→,red,➚,orange,→,orange,➚,yellow,➚,orange,→,orange,→,orange,➚,green,,yellow,→,orange,→,orange,→,red,↓,orange,→,red,➚,orange,→,,https://dashboards.sdgindex.org/profiles/ukraine/
THA,Thailand,75.4303485060691,43.0,green,↑,orange,→,red,→,green,↑,orange,➚,orange,→,orange,➚,orange,→,orange,➚,orange,➚,red,→,orange,→,orange,→,orange,➚,red,→,red,→,orange,→,0.388,https://dashboards.sdgindex.org/profiles/thailand/
ALB,Albania,75.41115149180884,44.0,green,↑,orange,→,orange,➚,green,➚,orange,➚,yellow,➚,green,↑,red,→,orange,➚,yellow,,orange,→,orange,→,yellow,➚,red,→,orange,→,red,→,yellow,→,0.393,https://dashboards.sdgindex.org/profiles/albania/
USA,United States,75.33886286425992,45.0,orange,➚,red,→,orange,➚,orange,→,orange,➚,yellow,➚,orange,➚,orange,➚,green,➚,red,↓,orange,→,red,→,red,→,orange,➚,red,→,red,→,red,→,0.495,https://dashboards.sdgindex.org/profiles/united-states/
CYP,Cyprus,75.29905271134093,46.0,green,→,orange,→,yellow,➚,green,↑,yellow,→,orange,→,orange,➚,orange,↑,orange,➚,yellow,➚,yellow,→,red,→,red,↓,red,➚,orange,→,orange,→,red,→,0.012,https://dashboards.sdgindex.org/profiles/cyprus/
ARM,Armenia,75.10196609795433,47.0,yellow,→,orange,→,orange,➚,orange,➚,orange,➚,orange,➚,yellow,→,orange,➚,orange,➚,green,↑,orange,➚,yellow,→,yellow,↓,grey,,orange,→,orange,→,orange,→,4.052,https://dashboards.sdgindex.org/profiles/armenia/
MNE,Montenegro,74.99749569646042,48.0,green,↑,orange,→,orange,➚,yellow,➚,orange,➚,yellow,↑,yellow,→,orange,➚,orange,➚,orange,↑,yellow,➚,grey,,yellow,→,red,➚,orange,➚,orange,→,yellow,➚,1.139,https://dashboards.sdgindex.org/profiles/montenegro/
CHN,China,74.71053711484593,49.0,green,↑,yellow,➚,orange,➚,green,,yellow,➚,yellow,➚,orange,➚,orange,➚,yellow,↑,orange,➚,orange,➚,orange,→,orange,↓,red,→,red,→,red,→,orange,→,0.397,https://dashboards.sdgindex.org/profiles/china/
KGZ,Kyrgyz Republic,74.58390302605892,50.0,yellow,↑,orange,→,orange,➚,yellow,➚,orange,→,orange,➚,yellow,➚,orange,➚,orange,➚,green,↑,yellow,➚,yellow,→,yellow,→,grey,,red,→,red,→,yellow,➚,2.259,https://dashboards.sdgindex.org/profiles/kyrgyz-republic/
RUS,Russian Federation,74.46914785247432,51.0,green,↑,orange,→,orange,➚,yellow,↓,orange,➚,yellow,➚,red,➚,orange,➚,orange,➚,orange,➚,yellow,↑,orange,→,red,↓,red,→,red,→,red,→,orange,➚,0.25,https://dashboards.sdgindex.org/profiles/russian-federation/
AZE,Azerbaijan,74.31114616331381,52.0,green,↑,orange,→,red,➚,yellow,➚,orange,→,orange,➚,orange,→,orange,→,orange,➚,green,,orange,➚,orange,→,orange,→,grey,,red,→,red,→,orange,➚,0.079,https://dashboards.sdgindex.org/profiles/azerbaijan/
BRA,Brazil,74.21150012307953,53.0,yellow,→,orange,→,orange,➚,green,↑,orange,➚,yellow,➚,green,↑,orange,➚,orange,➚,red,→,yellow,➚,red,➚,yellow,→,red,→,red,→,red,→,yellow,→,3.874,https://dashboards.sdgindex.org/profiles/brazil/
BIH,Bosnia and Herzegovina,73.91636033541621,54.0,green,↑,orange,➚,red,➚,orange,➚,red,→,orange,→,orange,➚,red,➚,orange,➚,orange,,yellow,➚,orange,↓,orange,→,yellow,→,orange,→,orange,→,yellow,→,0.254,https://dashboards.sdgindex.org/profiles/bosnia-and-herzegovina/
ISR,Israel,73.90564460245638,55.0,orange,➚,orange,→,yellow,➚,orange,↓,orange,→,orange,→,orange,➚,yellow,→,green,➚,orange,➚,yellow,➚,red,→,red,➚,red,→,red,→,red,→,red,→,0.922,https://dashboards.sdgindex.org/profiles/israel/
MKD,North Macedonia,73.88899148629149,56.0,yellow,↑,orange,➚,red,➚,orange,→,orange,➚,orange,→,yellow,➚,red,➚,orange,➚,orange,,yellow,➚,orange,→,orange,→,grey,,yellow,➚,orange,→,yellow,➚,1.329,https://dashboards.sdgindex.org/profiles/north-macedonia/
ARG,Argentina,73.85514654952891,57.0,yellow,→,red,→,orange,➚,green,→,green,↑,yellow,↑,orange,➚,yellow,→,orange,➚,red,↓,yellow,➚,red,➚,yellow,➚,red,→,red,→,red,→,orange,→,1.962,https://dashboards.sdgindex.org/profiles/argentina/
VNM,Vietnam,73.84298429674901,58.0,yellow,↑,orange,➚,red,➚,green,→,yellow,→,orange,➚,yellow,➚,yellow,➚,orange,➚,orange,↓,red,➚,orange,↓,orange,→,red,→,red,↓,red,→,orange,➚,1.455,https://dashboards.sdgindex.org/profiles/vietnam/
SGP,Singapore,73.8165341654309,59.0,grey,,yellow,→,yellow,➚,green,➚,yellow,➚,yellow,➚,orange,➚,yellow,↑,green,➚,grey,,yellow,➚,red,→,red,↓,red,↓,red,→,orange,→,red,→,,https://dashboards.sdgindex.org/profiles/singapore/
CRI,Costa Rica,73.63987881334353,60.0,orange,➚,red,→,yellow,➚,red,➚,yellow,➚,red,➚,green,➚,orange,→,red,➚,red,→,orange,➚,red,→,yellow,→,red,→,red,→,red,→,red,→,1.818,https://dashboards.sdgindex.org/profiles/costa-rica/
GEO,Georgia,73.45442259994907,61.0,yellow,➚,red,→,orange,➚,orange,↓,red,→,orange,➚,yellow,➚,orange,→,orange,→,orange,➚,yellow,➚,orange,→,orange,→,red,↓,red,→,orange,→,orange,➚,4.624,https://dashboards.sdgindex.org/profiles/georgia/
FJI,Fiji,73.41078005817711,62.0,yellow,→,orange,→,red,→,yellow,↑,red,→,yellow,→,orange,➚,grey,,orange,➚,yellow,,orange,↑,grey,,green,↑,orange,→,red,↓,orange,➚,orange,→,4.006,https://dashboards.sdgindex.org/profiles/fiji/
MDV,Maldives,73.33909187675071,63.0,green,↑,orange,→,orange,➚,yellow,➚,red,→,yellow,↑,red,➚,yellow,↑,orange,➚,yellow,,orange,➚,grey,,yellow,→,orange,➚,grey,,grey,,yellow,➚,0.144,https://dashboards.sdgindex.org/profiles/maldives/
DOM,Dominican Republic,73.02346869323488,64.0,yellow,↑,orange,→,red,→,yellow,➚,yellow,↑,yellow,→,orange,→,orange,➚,red,➚,orange,➚,orange,→,orange,→,yellow,→,orange,➚,red,→,red,→,orange,→,2.1,https://dashboards.sdgindex.org/profiles/dominican-republic/
UZB,Uzbekistan,72.94576784326784,65.0,yellow,↑,orange,→,orange,➚,yellow,↑,yellow,➚,orange,➚,red,→,orange,➚,orange,➚,orange,,red,↓,yellow,→,yellow,↓,grey,,red,→,red,→,orange,➚,1.06,https://dashboards.sdgindex.org/profiles/uzbekistan/
PER,Peru,72.86895163398692,66.0,yellow,➚,orange,→,orange,→,green,➚,yellow,➚,yellow,➚,orange,➚,orange,→,red,➚,red,→,red,→,yellow,➚,yellow,↓,red,➚,red,→,red,↓,orange,➚,3.892,https://dashboards.sdgindex.org/profiles/peru/
KAZ,Kazakhstan,72.03158653340122,67.0,green,↑,orange,→,orange,➚,orange,↓,orange,→,orange,➚,red,➚,orange,➚,orange,➚,yellow,↓,orange,➚,orange,→,red,➚,grey,,red,→,red,→,orange,➚,0.791,https://dashboards.sdgindex.org/profiles/kazakhstan/
MAR,Morocco,71.71724421101774,68.0,yellow,➚,orange,→,red,→,orange,➚,red,→,yellow,➚,red,➚,orange,↓,orange,➚,orange,,orange,→,yellow,→,green,→,red,→,red,➚,red,→,yellow,➚,3.572,https://dashboards.sdgindex.org/profiles/morocco/
COL,Colombia,71.63200482981073,69.0,orange,→,orange,→,orange,→,orange,→,yellow,➚,red,➚,yellow,➚,red,→,red,➚,grey,,orange,↓,orange,➚,red,→,red,→,red,→,red,→,orange,➚,9.774000000000001,https://dashboards.sdgindex.org/profiles/colombia/
DZA,Algeria,71.60712479416009,70.0,yellow,➚,orange,→,orange,→,orange,→,red,→,orange,→,red,➚,red,↓,red,➚,green,,orange,↓,yellow,➚,orange,➚,orange,→,orange,→,red,↓,yellow,➚,0.908,https://dashboards.sdgindex.org/profiles/algeria/
ARE,United Arab Emirates,71.44584901960785,71.0,yellow,→,red,→,green,➚,green,,orange,➚,red,➚,orange,➚,red,→,yellow,↑,green,,red,➚,red,➚,red,→,red,→,red,→,orange,→,orange,➚,3.405,https://dashboards.sdgindex.org/profiles/united-arab-emirates/
TUN,Tunisia,71.31939761904763,72.0,yellow,➚,red,↓,orange,➚,orange,➚,red,→,orange,➚,red,➚,red,→,orange,➚,orange,↓,yellow,↓,orange,➚,yellow,➚,red,→,red,→,red,→,yellow,➚,1.588,https://dashboards.sdgindex.org/profiles/tunisia/
BTN,Bhutan,71.11105875933708,73.0,green,↑,red,↓,orange,➚,red,↓,orange,➚,orange,↑,yellow,➚,orange,→,red,➚,yellow,,red,➚,red,➚,yellow,→,grey,,red,↓,orange,→,orange,→,0.215,https://dashboards.sdgindex.org/profiles/bhutan/
IDN,Indonesia,70.81109925303454,74.0,orange,➚,orange,→,red,➚,yellow,➚,orange,→,orange,→,orange,➚,orange,➚,red,➚,orange,➚,red,→,yellow,→,orange,→,orange,➚,red,→,red,→,red,→,6.628,https://dashboards.sdgindex.org/profiles/indonesia/
MEX,Mexico,70.54542566420508,75.0,orange,➚,red,→,red,➚,orange,→,yellow,➚,red,→,orange,➚,red,➚,red,→,red,➚,orange,➚,orange,→,orange,→,red,➚,red,→,red,↓,orange,→,6.384,https://dashboards.sdgindex.org/profiles/mexico/
MYS,Malaysia,70.37719570494865,76.0,green,↑,red,↓,orange,➚,orange,→,red,→,orange,➚,orange,→,orange,➚,orange,➚,red,→,orange,➚,red,→,orange,→,orange,→,red,→,orange,→,orange,→,0.205,https://dashboards.sdgindex.org/profiles/malaysia/
TUR,Türkiye,70.24218815449257,77.0,yellow,↑,orange,→,orange,➚,orange,➚,orange,→,yellow,→,yellow,➚,red,→,yellow,↑,red,→,orange,➚,orange,↓,red,↓,red,➚,red,→,red,↓,red,→,1.374,https://dashboards.sdgindex.org/profiles/turkiye/
SUR,Suriname,69.96578656311009,78.0,yellow,↓,red,↓,orange,➚,orange,↓,yellow,➚,yellow,➚,orange,➚,orange,→,orange,➚,orange,,orange,→,grey,,yellow,→,yellow,→,red,→,red,→,orange,➚,2.945,https://dashboards.sdgindex.org/profiles/suriname/
ECU,Ecuador,69.91882787114845,79.0,yellow,→,red,→,red,➚,yellow,↓,yellow,➚,orange,➚,orange,→,orange,➚,red,➚,red,→,orange,➚,yellow,➚,orange,➚,orange,➚,red,→,red,↓,yellow,→,5.41,https://dashboards.sdgindex.org/profiles/ecuador/
PHL,Philippines,69.87296465919702,80.0,yellow,➚,orange,➚,red,→,orange,➚,orange,➚,orange,→,orange,→,orange,➚,red,➚,orange,➚,orange,→,green,→,yellow,↓,red,➚,red,→,red,→,orange,➚,5.157,https://dashboards.sdgindex.org/profiles/philippines/
OMN,Oman,69.87025371148462,81.0,grey,,orange,➚,yellow,➚,yellow,➚,red,→,red,➚,red,➚,orange,↑,orange,➚,grey,,orange,➚,red,→,red,→,yellow,➚,orange,➚,grey,,orange,➚,,https://dashboards.sdgindex.org/profiles/oman/
JOR,Jordan,69.68540099736866,82.0,orange,↓,orange,→,orange,➚,yellow,↑,red,→,orange,→,yellow,➚,red,→,red,➚,orange,,red,→,yellow,➚,yellow,➚,orange,→,red,→,red,→,orange,→,6.886,https://dashboards.sdgindex.org/profiles/jordan/
BLZ,Belize,69.53309064595535,83.0,yellow,➚,orange,→,red,→,orange,→,orange,→,orange,➚,orange,➚,orange,→,red,➚,orange,,orange,➚,yellow,➚,yellow,➚,orange,➚,red,→,red,→,yellow,→,2.278,https://dashboards.sdgindex.org/profiles/belize/
JAM,Jamaica,69.25735426109838,84.0,yellow,↓,red,→,orange,→,yellow,→,yellow,➚,orange,→,red,➚,orange,➚,red,➚,orange,,orange,→,orange,↓,yellow,→,red,→,red,→,red,→,yellow,↑,2.493,https://dashboards.sdgindex.org/profiles/jamaica/
BRB,Barbados,69.03468855311354,85.0,yellow,➚,orange,→,orange,➚,orange,↓,yellow,➚,orange,➚,orange,➚,orange,→,orange,→,orange,,yellow,↑,grey,,yellow,→,orange,➚,grey,,red,→,orange,➚,1.648,https://dashboards.sdgindex.org/profiles/barbados/
EGY,"Egypt, Arab Rep.",68.95489825991002,86.0,yellow,→,orange,→,red,➚,orange,➚,orange,➚,orange,→,orange,➚,red,➚,orange,➚,yellow,↑,red,→,yellow,➚,yellow,➚,orange,→,red,→,red,→,orange,→,4.571,https://dashboards.sdgindex.org/profiles/egypt-arab-rep/
BRN,Brunei Darussalam,68.94675494040752,87.0,grey,,red,→,orange,➚,yellow,→,orange,➚,orange,➚,red,➚,grey,,red,➚,grey,,yellow,↑,red,↓,red,↓,orange,→,red,→,yellow,→,orange,➚,,https://dashboards.sdgindex.org/profiles/brunei-darussalam/
PAN,Panama,68.9132285586962,88.0,yellow,➚,red,→,red,➚,orange,→,orange,➚,orange,➚,yellow,➚,orange,→,red,➚,red,→,orange,➚,red,→,orange,↓,orange,➚,red,→,red,→,orange,➚,2.913,https://dashboards.sdgindex.org/profiles/panama/
IRN,"Iran, Islamic Rep.",68.81840704948647,89.0,yellow,→,orange,→,orange,➚,orange,➚,red,→,red,→,red,→,orange,→,red,➚,orange,↓,red,→,orange,→,orange,→,orange,→,red,→,red,→,orange,→,3.341,https://dashboards.sdgindex.org/profiles/iran-islamic-rep/
NPL,Nepal,68.69330593275188,90.0,yellow,↑,orange,➚,red,➚,yellow,➚,orange,→,orange,➚,red,➚,orange,→,red,→,yellow,,red,→,yellow,→,green,→,grey,,red,→,red,→,orange,→,2.413,https://dashboards.sdgindex.org/profiles/nepal/
MNG,Mongolia,68.6034013363679,91.0,green,↑,red,→,red,➚,yellow,→,orange,→,orange,➚,red,→,yellow,→,orange,➚,yellow,➚,red,→,red,→,red,↓,grey,,red,→,red,→,yellow,➚,0.876,https://dashboards.sdgindex.org/profiles/mongolia/
LKA,Sri Lanka,68.53857368220014,92.0,yellow,→,orange,→,orange,➚,orange,→,red,→,red,➚,orange,➚,orange,→,orange,➚,orange,,orange,→,orange,➚,green,➚,red,→,red,→,red,↓,red,→,5.378,https://dashboards.sdgindex.org/profiles/sri-lanka/
PRY,Paraguay,68.44288884644767,93.0,yellow,➚,orange,→,red,➚,orange,→,yellow,➚,orange,↑,yellow,➚,orange,→,red,➚,red,→,orange,➚,orange,→,yellow,→,grey,,red,➚,red,→,orange,➚,2.504,https://dashboards.sdgindex.org/profiles/paraguay/
IND,India,68.33348417366948,94.0,yellow,↑,red,→,red,➚,yellow,➚,red,➚,orange,➚,orange,➚,orange,➚,orange,➚,green,,red,→,orange,↓,yellow,↓,red,➚,red,→,red,→,orange,→,5.061,https://dashboards.sdgindex.org/profiles/india/
CPV,Cabo Verde,68.18744023917259,95.0,orange,➚,red,→,orange,➚,orange,→,yellow,➚,orange,➚,orange,➚,grey,,red,➚,red,,orange,↑,grey,,green,→,orange,→,grey,,orange,➚,orange,→,6.177,https://dashboards.sdgindex.org/profiles/cabo-verde/
SLV,El Salvador,68.09813240387064,96.0,yellow,➚,red,→,red,→,orange,→,yellow,➚,orange,→,orange,➚,orange,→,red,→,orange,→,orange,→,yellow,→,yellow,→,red,→,orange,→,red,→,yellow,➚,3.447,https://dashboards.sdgindex.org/profiles/el-salvador/
MUS,Mauritius,68.04091571141277,97.0,yellow,➚,orange,→,orange,→,yellow,↑,red,➚,yellow,➚,orange,➚,yellow,➚,orange,➚,orange,,red,➚,grey,,yellow,→,red,→,grey,,orange,↓,orange,➚,2.088,https://dashboards.sdgindex.org/profiles/mauritius/
TJK,Tajikistan,67.82748869365929,98.0,orange,➚,orange,→,orange,➚,orange,,red,→,orange,➚,green,➚,orange,➚,red,➚,orange,↓,red,↓,yellow,➚,green,➚,grey,,red,→,grey,,orange,→,6.752,https://dashboards.sdgindex.org/profiles/tajikistan/
BOL,Bolivia,67.5690217681012,99.0,yellow,➚,red,↓,red,→,yellow,→,orange,➚,red,➚,orange,➚,orange,➚,red,➚,red,➚,red,↓,orange,→,yellow,→,grey,,red,→,red,→,yellow,→,1.482,https://dashboards.sdgindex.org/profiles/bolivia/
NAM,Namibia,67.13174318394026,100.0,orange,→,red,→,red,➚,orange,→,green,↑,red,➚,red,→,red,➚,red,→,red,,orange,→,yellow,➚,yellow,➚,yellow,→,yellow,➚,red,↓,yellow,→,11.043,https://dashboards.sdgindex.org/profiles/namibia/
QAT,Qatar,66.41596041083098,101.0,green,→,red,→,yellow,➚,yellow,→,orange,➚,red,➚,red,➚,orange,↑,orange,➚,orange,,orange,➚,red,→,red,→,yellow,➚,red,→,yellow,→,orange,→,0.106,https://dashboards.sdgindex.org/profiles/qatar/
TLS,Timor-Leste,66.1539588773971,102.0,red,→,red,→,red,→,orange,→,orange,➚,red,➚,red,➚,orange,↑,red,↓,yellow,,red,→,grey,,yellow,↑,orange,→,orange,↓,red,➚,orange,➚,22.285,https://dashboards.sdgindex.org/profiles/timor-leste/
BHS,"Bahamas, The",66.06210379115208,103.0,grey,,orange,→,orange,➚,orange,→,orange,➚,yellow,↑,orange,→,orange,➚,orange,➚,grey,,green,➚,red,➚,red,↓,red,➚,red,↓,orange,→,orange,→,,https://dashboards.sdgindex.org/profiles/bahamas-the/
SAU,Saudi Arabia,65.86196342203549,104.0,grey,,red,→,orange,➚,yellow,➚,red,→,red,→,red,➚,orange,↑,orange,➚,grey,,red,→,red,→,red,→,orange,➚,red,→,orange,→,orange,➚,,https://dashboards.sdgindex.org/profiles/saudi-arabia/
BHR,Bahrain,65.66974082633054,105.0,grey,,orange,↓,yellow,→,orange,→,orange,→,red,➚,orange,➚,yellow,↑,orange,➚,grey,,red,➚,red,➚,red,→,red,→,red,→,orange,→,orange,→,,https://dashboards.sdgindex.org/profiles/bahrain/
KEN,Kenya,65.62964262371617,106.0,red,→,red,→,red,→,yellow,↑,orange,→,red,→,red,→,orange,→,red,→,orange,➚,red,→,green,➚,green,→,red,→,red,→,red,→,orange,→,21.282,https://dashboards.sdgindex.org/profiles/kenya/
VEN,"Venezuela, RB",65.36528739495799,107.0,red,↓,orange,→,red,↓,yellow,➚,orange,➚,yellow,➚,orange,→,orange,→,red,→,red,,red,→,orange,➚,orange,➚,orange,➚,orange,➚,red,→,red,↓,20.385,https://dashboards.sdgindex.org/profiles/venezuela-rb/
KHM,Cambodia,65.30615034826764,108.0,orange,→,orange,→,red,→,orange,➚,red,→,orange,➚,orange,↑,red,→,red,→,grey,,red,→,yellow,→,green,→,red,→,red,→,red,→,red,→,9.442,https://dashboards.sdgindex.org/profiles/cambodia/
ZAF,South Africa,65.17538418640184,109.0,orange,→,red,→,red,➚,yellow,→,green,↑,orange,→,red,→,red,→,orange,➚,red,,red,↓,orange,➚,orange,➚,red,➚,red,→,red,→,yellow,➚,12.752,https://dashboards.sdgindex.org/profiles/south-africa/
BGD,Bangladesh,64.8377100203718,110.0,orange,➚,red,→,red,➚,orange,➚,orange,→,red,➚,red,➚,red,→,orange,→,yellow,➚,red,↓,yellow,→,green,→,red,→,red,→,red,→,red,→,6.504,https://dashboards.sdgindex.org/profiles/bangladesh/
STP,Sao Tome and Principe,64.83160294117648,111.0,red,→,orange,→,red,➚,red,,orange,→,red,→,red,→,grey,,red,→,red,,yellow,↑,grey,,green,↑,orange,→,orange,➚,orange,→,orange,→,13.259,https://dashboards.sdgindex.org/profiles/sao-tome-and-principe/
BWA,Botswana,64.6299881938797,112.0,red,→,red,→,red,➚,orange,➚,orange,➚,orange,➚,red,→,orange,→,red,➚,red,,orange,→,yellow,→,orange,→,grey,,red,→,orange,→,yellow,➚,13.216,https://dashboards.sdgindex.org/profiles/botswana/
NIC,Nicaragua,64.3882313958917,113.0,yellow,➚,red,→,orange,➚,orange,,yellow,➚,yellow,➚,orange,→,red,→,red,→,red,,orange,→,yellow,→,green,↑,orange,→,orange,→,red,→,orange,→,4.856,https://dashboards.sdgindex.org/profiles/nicaragua/
RWA,Rwanda,64.29492464876469,114.0,red,➚,red,→,red,➚,orange,➚,yellow,➚,red,➚,red,→,orange,→,red,➚,orange,➚,red,→,green,➚,green,→,grey,,red,→,orange,→,orange,→,24.269,https://dashboards.sdgindex.org/profiles/rwanda/
GUY,Guyana,64.23322268728863,115.0,grey,,orange,→,red,➚,orange,,orange,➚,orange,➚,red,→,orange,→,red,→,grey,,orange,→,grey,,red,→,red,➚,orange,➚,red,→,orange,→,,https://dashboards.sdgindex.org/profiles/guyana/
GAB,Gabon,63.91934460784313,116.0,orange,→,red,→,red,➚,red,,orange,→,orange,➚,orange,➚,orange,➚,red,→,orange,,red,→,orange,➚,orange,↑,orange,→,red,→,red,→,red,→,6.142,https://dashboards.sdgindex.org/profiles/gabon/
GHA,Ghana,63.85739510652746,117.0,red,→,orange,➚,red,➚,yellow,➚,red,→,red,➚,orange,➚,orange,➚,red,→,red,,red,→,green,→,yellow,➚,red,→,orange,➚,red,→,red,→,17.594,https://dashboards.sdgindex.org/profiles/ghana/
SEN,Senegal,63.41466111111111,118.0,red,➚,red,➚,red,➚,red,→,red,→,red,➚,red,→,orange,➚,red,→,orange,,red,→,green,➚,green,→,red,➚,red,➚,red,→,yellow,➚,14.41,https://dashboards.sdgindex.org/profiles/senegal/
CIV,Cote d'Ivoire,63.24091190476191,119.0,orange,➚,red,→,red,➚,red,➚,red,→,red,➚,red,→,orange,➚,red,→,orange,↑,red,→,yellow,→,yellow,↓,orange,➚,orange,→,red,→,orange,→,10.995,https://dashboards.sdgindex.org/profiles/cote-d-ivoire/
KWT,Kuwait,62.91230846261581,120.0,grey,,orange,➚,yellow,➚,orange,,orange,→,red,➚,orange,➚,orange,➚,orange,➚,grey,,red,➚,red,➚,red,→,red,→,orange,➚,orange,↓,orange,→,,https://dashboards.sdgindex.org/profiles/kuwait/
LBN,Lebanon,62.88595339366515,121.0,orange,↓,red,→,red,→,red,➚,red,→,orange,→,red,→,red,↓,orange,➚,orange,,yellow,↓,red,↓,orange,→,red,→,red,→,red,→,red,→,7.614,https://dashboards.sdgindex.org/profiles/lebanon/
LAO,Lao PDR,62.53359552404295,122.0,orange,➚,red,→,red,→,red,→,orange,→,orange,➚,orange,➚,orange,↑,red,➚,orange,,red,→,orange,→,yellow,↓,grey,,red,→,grey,,red,→,6.258,https://dashboards.sdgindex.org/profiles/lao-pdr/
MMR,Myanmar,62.41701224429166,123.0,orange,➚,red,→,red,→,red,,orange,→,red,➚,red,→,red,→,red,→,yellow,,red,→,yellow,➚,yellow,➚,red,→,red,→,red,↓,red,→,7.188,https://dashboards.sdgindex.org/profiles/myanmar/
IRQ,Iraq,62.03974675536882,124.0,orange,↓,orange,→,red,➚,red,↑,red,→,orange,➚,red,➚,red,→,red,➚,yellow,,red,→,yellow,➚,red,➚,red,→,red,↓,red,→,orange,→,9.962,https://dashboards.sdgindex.org/profiles/iraq/
HND,Honduras,61.79358156353451,125.0,orange,→,red,↓,red,➚,red,↓,orange,→,orange,➚,orange,➚,red,→,red,➚,red,→,red,→,yellow,➚,yellow,↓,red,→,red,→,red,→,orange,→,9.13,https://dashboards.sdgindex.org/profiles/honduras/
TTO,Trinidad and Tobago,61.33018370764083,126.0,grey,,orange,→,orange,→,yellow,,orange,→,orange,→,red,→,orange,→,red,→,grey,,orange,➚,grey,,red,➚,red,→,red,↓,red,↓,orange,➚,,https://dashboards.sdgindex.org/profiles/trinidad-and-tobago/
GTM,Guatemala,60.86193791698497,127.0,orange,→,red,→,red,➚,orange,→,orange,→,red,→,red,→,red,↓,red,→,red,→,red,↓,yellow,→,yellow,↓,red,→,red,→,red,→,orange,→,6.179,https://dashboards.sdgindex.org/profiles/guatemala/
TKM,Turkmenistan,59.94181619312061,128.0,red,→,orange,↓,red,→,orange,,yellow,→,red,➚,red,→,red,→,red,→,grey,,orange,↓,orange,→,orange,↓,grey,,red,→,red,→,orange,→,62.117,https://dashboards.sdgindex.org/profiles/turkmenistan/
BEN,Benin,59.72188496732026,129.0,red,➚,red,→,red,→,red,↓,red,➚,red,➚,red,➚,orange,➚,orange,→,orange,↑,red,→,green,➚,green,↑,orange,➚,yellow,↑,red,→,orange,→,16.864,https://dashboards.sdgindex.org/profiles/benin/
SYR,Syrian Arab Republic,59.64870191409896,130.0,orange,↓,red,↓,red,➚,red,,red,→,red,➚,orange,→,red,→,red,→,green,,red,↓,yellow,↑,green,↑,red,→,red,→,red,→,red,→,10.34,https://dashboards.sdgindex.org/profiles/syrian-arab-republic/
PAK,Pakistan,59.27234179839768,131.0,orange,➚,red,→,red,→,red,→,red,→,red,→,orange,➚,red,→,red,➚,yellow,,red,↓,orange,→,green,→,red,➚,red,→,red,↓,orange,→,8.361,https://dashboards.sdgindex.org/profiles/pakistan/
TGO,Togo,59.12331783380019,132.0,red,➚,red,→,red,➚,orange,➚,red,➚,red,→,red,→,orange,↑,red,→,orange,➚,red,→,green,➚,green,➚,orange,→,orange,→,red,→,red,→,25.959,https://dashboards.sdgindex.org/profiles/togo/
SWZ,Eswatini,59.01296865606458,133.0,red,→,red,→,red,➚,red,➚,orange,➚,red,→,orange,➚,orange,↓,red,➚,red,,orange,➚,grey,,green,→,grey,,red,→,red,↓,orange,→,19.106,https://dashboards.sdgindex.org/profiles/eswatini/
GMB,"Gambia, The",58.47204668534079,134.0,red,↓,red,→,red,→,red,→,red,→,red,➚,red,→,red,→,red,→,orange,,red,↓,green,➚,green,→,red,↓,orange,➚,red,➚,orange,➚,25.945,https://dashboards.sdgindex.org/profiles/gambia-the/
CMR,Cameroon,57.63126857015533,135.0,red,→,red,→,red,➚,red,→,red,→,red,→,red,→,orange,→,red,→,red,➚,red,→,green,➚,green,➚,yellow,➚,red,→,red,→,red,→,19.792,https://dashboards.sdgindex.org/profiles/cameroon/
TZA,Tanzania,57.56824236482471,136.0,red,→,red,→,red,➚,red,→,orange,➚,red,➚,red,→,orange,➚,red,→,red,,red,→,green,➚,green,➚,red,↓,red,→,red,→,red,→,37.465,https://dashboards.sdgindex.org/profiles/tanzania/
MRT,Mauritania,57.43579646464647,137.0,orange,→,red,→,red,➚,red,↑,red,→,red,➚,red,→,red,→,red,→,yellow,,red,➚,yellow,→,green,→,orange,➚,red,→,red,↓,orange,➚,8.93,https://dashboards.sdgindex.org/profiles/mauritania/
ZWE,Zimbabwe,57.24947371293581,138.0,red,↓,red,→,red,→,red,→,orange,➚,red,→,red,→,red,→,red,→,red,,red,↓,green,↑,green,↑,grey,,yellow,➚,red,↓,red,→,34.928,https://dashboards.sdgindex.org/profiles/zimbabwe/
GIN,Guinea,56.83642455648926,139.0,orange,➚,red,➚,red,→,red,,red,→,red,→,red,→,orange,➚,red,→,yellow,,red,→,green,→,green,→,red,↓,orange,→,red,→,red,→,7.458,https://dashboards.sdgindex.org/profiles/guinea/
MWI,Malawi,56.52268435931558,140.0,red,→,red,→,red,➚,red,➚,orange,➚,red,➚,red,↓,orange,→,red,→,orange,,red,→,green,➚,green,➚,grey,,red,→,red,→,red,→,58.763,https://dashboards.sdgindex.org/profiles/malawi/
ETH,Ethiopia,56.26389960844553,141.0,red,➚,red,→,red,➚,red,→,orange,→,red,→,red,→,red,→,red,→,yellow,↑,red,→,green,↑,green,➚,grey,,red,→,red,→,red,→,19.643,https://dashboards.sdgindex.org/profiles/ethiopia/
SLE,Sierra Leone,55.90548853238266,142.0,red,→,red,→,red,➚,red,→,red,→,red,➚,red,→,red,➚,red,→,orange,,red,→,green,➚,green,➚,red,→,orange,→,red,→,orange,➚,31.9,https://dashboards.sdgindex.org/profiles/sierra-leone/
NGA,Nigeria,55.70955598421187,143.0,red,↓,red,→,red,→,red,➚,red,→,red,➚,red,→,red,➚,red,→,orange,➚,red,→,green,➚,yellow,➚,red,➚,orange,→,red,→,orange,→,23.966,https://dashboards.sdgindex.org/profiles/nigeria/
UGA,Uganda,55.45661577854994,144.0,red,→,red,→,red,➚,red,➚,orange,→,red,→,red,➚,red,→,red,→,red,,red,→,green,➚,green,→,grey,,red,→,red,→,red,→,44.785,https://dashboards.sdgindex.org/profiles/uganda/
LSO,Lesotho,54.87234540676486,145.0,red,→,red,→,red,➚,red,↓,yellow,→,red,➚,red,→,red,↓,red,→,red,,red,→,grey,,green,→,grey,,grey,,red,↓,yellow,→,35.96,https://dashboards.sdgindex.org/profiles/lesotho/
BFA,Burkina Faso,54.39948845064907,146.0,red,→,red,→,red,➚,red,→,red,→,red,→,red,→,orange,➚,red,→,orange,↓,red,→,green,➚,green,→,grey,,orange,➚,red,→,orange,➚,35.527,https://dashboards.sdgindex.org/profiles/burkina-faso/
COM,Comoros,54.3920468487395,147.0,red,→,red,→,red,→,red,→,red,➚,red,→,red,→,red,↑,red,→,red,,red,→,grey,,green,→,red,↓,red,→,grey,,orange,➚,24.736,https://dashboards.sdgindex.org/profiles/comoros/
DJI,Djibouti,54.3021661764706,148.0,orange,➚,red,→,red,→,grey,,red,→,red,→,red,→,red,→,red,→,red,,red,➚,orange,→,yellow,→,red,→,red,→,grey,,red,→,10.505,https://dashboards.sdgindex.org/profiles/djibouti/
MLI,Mali,54.00340591096653,149.0,red,→,red,→,red,→,red,→,red,→,red,→,red,→,orange,→,red,→,orange,,red,→,yellow,→,green,→,grey,,yellow,➚,red,↓,orange,→,40.188,https://dashboards.sdgindex.org/profiles/mali/
ZMB,Zambia,53.8728537507085,150.0,red,→,red,→,red,➚,red,,orange,→,red,➚,red,→,red,→,red,→,red,➚,red,↓,green,➚,green,➚,grey,,red,→,red,→,orange,→,62.353,https://dashboards.sdgindex.org/profiles/zambia/
BDI,Burundi,53.51698284840819,151.0,red,↓,red,→,red,→,red,↓,red,➚,red,➚,red,→,red,↑,red,→,orange,,red,→,green,➚,green,→,grey,,orange,→,red,↓,red,↓,94.453,https://dashboards.sdgindex.org/profiles/burundi/
GNB,Guinea-Bissau,53.31789715039861,152.0,red,➚,red,→,red,→,red,,red,→,red,→,red,→,yellow,↑,red,→,orange,,red,→,grey,,green,→,red,→,red,→,red,↓,red,→,29.303,https://dashboards.sdgindex.org/profiles/guinea-bissau/
MOZ,Mozambique,53.04956078431373,153.0,red,→,red,➚,red,→,red,➚,red,→,red,➚,red,→,red,↓,red,→,red,→,red,→,green,➚,yellow,↑,red,➚,red,→,red,→,yellow,➚,73.191,https://dashboards.sdgindex.org/profiles/mozambique/
MDG,Madagascar,52.86548954248366,154.0,red,→,red,→,red,→,red,→,orange,→,red,→,red,→,red,→,red,→,orange,,red,➚,green,↑,green,➚,red,→,red,→,red,→,red,→,58.167,https://dashboards.sdgindex.org/profiles/madagascar/
COG,"Congo, Rep.",52.54006680672268,155.0,red,↓,red,→,red,→,red,,red,→,red,➚,red,→,red,→,red,→,red,,red,→,green,↑,yellow,➚,orange,➚,red,→,red,↓,red,↓,32.661,https://dashboards.sdgindex.org/profiles/congo-rep/
AGO,Angola,52.40244539937186,156.0,red,→,red,→,red,→,red,↓,red,→,red,➚,red,→,red,→,red,→,red,,red,→,green,↑,yellow,↑,orange,→,red,→,red,→,orange,→,20.935,https://dashboards.sdgindex.org/profiles/angola/
PNG,Papua New Guinea,52.20920552143936,157.0,red,↓,red,→,red,→,red,↓,red,→,red,→,red,→,red,→,red,→,red,,red,→,green,→,yellow,➚,orange,→,orange,→,red,↓,red,→,51.209,https://dashboards.sdgindex.org/profiles/papua-new-guinea/
LBR,Liberia,50.90659519973491,158.0,red,↓,red,→,red,→,red,↓,red,→,red,➚,red,→,red,↓,red,→,orange,,red,→,green,➚,green,➚,orange,➚,red,→,red,→,orange,→,40.881,https://dashboards.sdgindex.org/profiles/liberia/
HTI,Haiti,50.70721329895594,159.0,red,↓,red,↓,red,→,orange,,red,→,red,➚,red,→,red,↓,red,→,red,,red,→,green,➚,green,➚,red,→,red,➚,red,↓,red,↓,43.078,https://dashboards.sdgindex.org/profiles/haiti/
NER,Niger,49.59534678186034,160.0,red,→,red,→,red,→,red,→,red,→,red,➚,red,→,orange,➚,red,→,orange,➚,red,➚,green,➚,green,→,grey,,red,➚,red,↓,orange,→,59.896,https://dashboards.sdgindex.org/profiles/niger/
AFG,Afghanistan,48.784411106867,161.0,red,↓,red,→,red,→,red,➚,red,→,red,➚,red,→,red,↓,red,→,grey,,red,→,yellow,➚,green,↑,grey,,red,➚,red,↓,red,→,42.554,https://dashboards.sdgindex.org/profiles/afghanistan/
ERI,Eritrea,48.69279213172449,162.0,red,→,red,↓,red,→,red,→,red,→,red,↑,red,→,grey,,red,→,grey,,red,➚,yellow,➚,green,➚,red,↓,red,→,grey,,orange,→,41.782,https://dashboards.sdgindex.org/profiles/eritrea/
COD,"Congo, Dem. Rep.",48.27920686274509,163.0,red,→,red,→,red,→,red,↓,red,→,red,→,red,↓,red,→,red,→,red,,red,→,green,➚,green,→,yellow,→,red,→,red,↓,red,→,82.468,https://dashboards.sdgindex.org/profiles/congo-dem-rep/
YEM,"Yemen, Rep.",47.80081202147526,164.0,red,↓,red,↓,red,→,red,,red,→,red,→,red,→,red,→,red,→,orange,,red,→,yellow,➚,green,↑,red,↓,red,→,red,↓,orange,↓,50.861,https://dashboards.sdgindex.org/profiles/yemen-rep/
SDN,Sudan,47.72788613445379,165.0,red,↓,red,↓,red,→,red,,red,→,red,➚,orange,→,red,,red,→,orange,,red,➚,yellow,➚,green,↑,red,→,red,→,red,→,red,→,44.712,https://dashboards.sdgindex.org/profiles/sudan/
SOM,Somalia,46.17590947712419,166.0,red,→,red,↓,red,→,grey,,red,→,red,→,red,→,red,↓,red,→,grey,,orange,→,green,➚,green,➚,red,→,red,→,grey,,red,➚,31.08,https://dashboards.sdgindex.org/profiles/somalia/
TCD,Chad,43.92401450106926,167.0,red,↓,red,→,red,→,red,→,red,→,red,➚,red,→,red,→,red,→,orange,,red,→,yellow,➚,green,↑,grey,,red,→,grey,,orange,➚,51.79,https://dashboards.sdgindex.org/profiles/chad/
CAF,Central African Republic,43.29112631246047,168.0,red,→,red,→,red,→,red,,red,→,red,→,red,→,red,→,red,→,red,,red,→,yellow,→,green,→,grey,,orange,➚,grey,,red,→,77.61,https://dashboards.sdgindex.org/profiles/central-african-republic/
SSD,South Sudan,39.86915334327279,169.0,red,↓,red,↓,red,➚,red,↓,orange,→,red,➚,red,→,red,→,red,→,red,,red,→,green,➚,green,↑,grey,,red,→,grey,,red,↓,77.033,https://dashboards.sdgindex.org/profiles/south-sudan/
AND,Andorra,,,grey,,yellow,↓,yellow,➚,green,↑,green,➚,green,↑,yellow,➚,grey,,red,➚,grey,,green,↑,grey,,yellow,→,grey,,grey,,grey,,orange,→,,https://dashboards.sdgindex.org/profiles/andorra/
ATG,Antigua and Barbuda,,,grey,,red,→,yellow,➚,green,➚,orange,→,yellow,↑,red,➚,grey,,orange,➚,grey,,orange,↑,grey,,yellow,→,orange,➚,grey,,orange,➚,orange,→,,https://dashboards.sdgindex.org/profiles/antigua-and-barbuda/
DMA,Dominica,,,grey,,orange,→,orange,→,yellow,➚,yellow,➚,orange,➚,orange,→,grey,,orange,→,grey,,yellow,➚,grey,,yellow,→,red,➚,grey,,red,→,orange,→,,https://dashboards.sdgindex.org/profiles/dominica/
GNQ,Equatorial Guinea,,,orange,↓,grey,,red,→,red,,orange,→,red,↑,red,→,orange,↓,red,→,orange,,red,➚,yellow,↑,yellow,➚,orange,→,orange,➚,grey,,red,→,9.212,https://dashboards.sdgindex.org/profiles/equatorial-guinea/
GRD,Grenada,,,yellow,→,red,↓,orange,➚,yellow,→,yellow,➚,yellow,➚,red,→,grey,,orange,➚,red,,grey,,grey,,yellow,→,orange,→,grey,,red,↓,orange,➚,3.784,https://dashboards.sdgindex.org/profiles/grenada/
KIR,Kiribati,,,yellow,↑,red,↓,red,→,yellow,→,red,→,red,→,red,→,grey,,red,➚,green,,orange,➚,grey,,green,→,orange,→,grey,,grey,,orange,➚,2.0,https://dashboards.sdgindex.org/profiles/kiribati/
PRK,"Korea, Dem. Rep.",,,grey,,red,↓,red,→,green,,yellow,➚,orange,→,red,→,grey,,red,→,grey,,red,→,green,↑,yellow,→,red,→,red,→,grey,,yellow,↓,,https://dashboards.sdgindex.org/profiles/korea-dem-rep/
LBY,Libya,,,grey,,red,→,orange,→,grey,,red,→,red,➚,red,↓,red,→,red,→,grey,,orange,↓,orange,➚,red,➚,orange,→,orange,→,red,→,orange,→,,https://dashboards.sdgindex.org/profiles/libya/
LIE,Liechtenstein,,,grey,,grey,,grey,,green,,yellow,➚,green,↑,green,↑,grey,,orange,➚,grey,,green,↑,grey,,grey,,grey,,grey,,grey,,orange,➚,,https://dashboards.sdgindex.org/profiles/liechtenstein/
MHL,Marshall Islands,,,yellow,↑,red,↓,red,➚,green,↑,orange,→,orange,→,orange,→,grey,,red,➚,orange,,yellow,➚,grey,,grey,,orange,→,grey,,grey,,orange,➚,2.4,https://dashboards.sdgindex.org/profiles/marshall-islands/
FSM,"Micronesia, Fed. Sts.",,,red,→,red,↓,red,→,red,↓,orange,➚,orange,,red,→,grey,,red,→,red,,grey,,grey,,grey,,red,➚,grey,,grey,,orange,→,24.294,https://dashboards.sdgindex.org/profiles/micronesia-fed-sts/
MCO,Monaco,,,grey,,grey,,yellow,➚,green,↑,grey,,green,↑,green,↑,grey,,red,➚,grey,,green,↑,grey,,grey,,grey,,grey,,grey,,red,➚,,https://dashboards.sdgindex.org/profiles/monaco/
NRU,Nauru,,,grey,,red,↓,red,➚,yellow,→,red,→,orange,→,orange,➚,grey,,red,→,orange,,yellow,➚,grey,,yellow,→,red,↓,grey,,grey,,orange,,,https://dashboards.sdgindex.org/profiles/nauru/
PLW,Palau,,,grey,,grey,,red,→,green,→,orange,➚,green,↑,yellow,➚,grey,,red,→,grey,,green,↑,grey,,grey,,yellow,➚,grey,,grey,,orange,➚,,https://dashboards.sdgindex.org/profiles/palau/
WSM,Samoa,,,yellow,➚,red,→,red,➚,orange,→,red,→,yellow,↑,red,→,grey,,red,➚,orange,,red,➚,grey,,green,↑,orange,→,grey,,red,,yellow,➚,4.25,https://dashboards.sdgindex.org/profiles/samoa/
SMR,San Marino,,,grey,,grey,,yellow,→,yellow,,yellow,➚,green,↑,green,↑,grey,,orange,➚,grey,,yellow,↑,grey,,grey,,grey,,grey,,grey,,yellow,→,,https://dashboards.sdgindex.org/profiles/san-marino/
SYC,Seychelles,,,green,➚,red,→,orange,➚,yellow,↓,yellow,↓,yellow,↑,orange,➚,grey,,red,➚,yellow,,green,↑,grey,,yellow,→,yellow,➚,red,→,grey,,orange,→,0.007,https://dashboards.sdgindex.org/profiles/seychelles/
SLB,Solomon Islands,,,red,→,red,↓,red,→,red,↓,red,→,red,→,red,→,grey,,red,→,orange,,red,↓,grey,,green,↑,red,↓,red,↓,orange,→,orange,→,31.403,https://dashboards.sdgindex.org/profiles/solomon-islands/
KNA,St. Kitts and Nevis,,,grey,,red,→,red,➚,yellow,→,yellow,➚,yellow,→,orange,→,grey,,orange,➚,grey,,green,↑,grey,,yellow,→,red,→,grey,,red,→,orange,➚,,https://dashboards.sdgindex.org/profiles/st-kitts-and-nevis/
LCA,St. Lucia,,,yellow,→,orange,→,orange,➚,yellow,↓,orange,→,orange,➚,orange,→,orange,→,orange,➚,red,,yellow,➚,grey,,yellow,→,red,→,grey,,red,↓,orange,➚,3.441,https://dashboards.sdgindex.org/profiles/st-lucia/
VCT,St. Vincent and the Grenadines,,,grey,,orange,→,orange,➚,yellow,↑,yellow,➚,yellow,↑,red,→,orange,↓,red,➚,grey,,yellow,↓,grey,,yellow,→,orange,➚,grey,,red,→,orange,➚,,https://dashboards.sdgindex.org/profiles/st-vincent-and-the-grenadines/
TON,Tonga,,,green,↑,red,↓,orange,➚,yellow,↑,red,➚,yellow,➚,red,➚,grey,,orange,→,green,↑,yellow,➚,grey,,green,→,orange,➚,grey,,orange,↓,orange,➚,0.505,https://dashboards.sdgindex.org/profiles/tonga/
TUV,Tuvalu,,,yellow,↑,red,↓,red,➚,green,➚,red,→,orange,→,orange,➚,grey,,red,➚,orange,,orange,↑,grey,,grey,,yellow,→,grey,,grey,,orange,→,3.441,https://dashboards.sdgindex.org/profiles/tuvalu/
VUT,Vanuatu,,,red,→,red,→,red,→,orange,→,orange,→,red,↓,red,→,grey,,red,➚,orange,,yellow,➚,grey,,green,→,orange,→,red,↓,orange,↓,orange,➚,19.371,https://dashboards.sdgindex.org/profiles/vanuatu/
_BRICS,BRICS,71.74196811391224,,yellow,↑,orange,→,orange,➚,green,↑,orange,➚,orange,➚,orange,➚,orange,➚,yellow,↑,orange,➚,red,→,orange,→,orange,→,red,→,red,→,red,→,orange,→,2.918,
_BRICSplus,BRICSplus members,70.92679098972923,,yellow,➚,orange,→,orange,➚,yellow,↑,orange,➚,orange,➚,orange,➚,orange,➚,yellow,↑,orange,➚,red,→,orange,→,orange,→,red,→,red,→,red,→,orange,→,3.815,
_E_S_Asia,East and South Asia,70.51569869281046,,yellow,➚,orange,→,orange,➚,yellow,↑,orange,➚,orange,➚,orange,➚,orange,➚,yellow,↑,yellow,,red,→,orange,→,yellow,→,red,→,red,→,red,→,orange,→,3.628,
_E_Euro_Asia,Eastern Europe and Central Asia,72.0050235434704,,orange,→,orange,→,orange,➚,yellow,➚,orange,→,yellow,→,red,➚,orange,➚,orange,➚,yellow,➚,yellow,→,orange,→,red,→,grey,,red,➚,red,→,orange,→,7.404,
_LAC,Latin America and the Caribbean,70.5077651387828,,orange,→,orange,→,orange,➚,yellow,➚,yellow,➚,yellow,➚,yellow,↑,orange,➚,orange,➚,red,,orange,→,orange,➚,yellow,➚,red,→,red,→,red,→,yellow,→,5.929,
_MENA,Middle East and North Africa,65.60046652661063,,orange,↓,orange,→,red,➚,orange,➚,red,→,orange,➚,red,→,orange,→,red,➚,orange,,red,→,orange,➚,red,→,red,→,red,→,red,↓,orange,→,8.907,
_OECD,OECD members,78.16087342330871,,green,↑,red,→,yellow,➚,green,➚,yellow,➚,yellow,➚,yellow,➚,yellow,➚,green,➚,orange,→,yellow,➚,orange,→,red,→,orange,→,red,→,orange,→,red,➚,1.298,
_Oceania,Oceania,51.83236358543417,,red,↓,red,→,red,→,red,→,red,→,red,→,red,→,grey,,red,→,red,,orange,→,grey,,yellow,→,orange,→,grey,,grey,,red,→,43.852,
_SIDS,Small Island Developing States,62.30530322128853,,red,↓,red,→,red,→,orange,→,orange,→,orange,➚,red,→,grey,,orange,→,orange,→,red,↓,grey,,yellow,→,red,→,grey,,red,↓,orange,→,26.04,
_Africa,Sub-Saharan Africa,53.69970833969952,,red,→,red,→,red,→,red,→,red,→,red,→,red,→,red,→,red,→,orange,,red,→,green,↑,yellow,↑,red,➚,red,→,red,↓,red,→,35.953,
_LIC,Low-income Countries,50.72967729394789,,red,→,red,→,red,→,red,,red,→,red,→,red,→,red,→,red,→,orange,,red,→,green,↑,green,➚,red,↓,red,→,red,↓,red,→,47.982,
_LMIC,Lower-middle-income Countries,65.1532288472965,,orange,➚,red,→,red,→,orange,➚,orange,→,orange,→,orange,➚,orange,➚,orange,→,yellow,,red,→,orange,↓,green,→,red,➚,red,→,red,→,red,→,9.276,
_UMIC,Upper-middle-income Countries,72.94331884814532,,yellow,➚,yellow,→,orange,➚,yellow,➚,yellow,➚,yellow,➚,orange,➚,orange,→,yellow,↑,orange,,orange,→,orange,→,orange,→,red,→,red,→,red,→,orange,→,2.911,
_HIC,High-income Countries,77.90120577200577,,green,↑,red,→,yellow,➚,green,→,yellow,➚,orange,➚,orange,➚,yellow,➚,green,➚,orange,→,yellow,➚,red,→,red,→,orange,→,red,→,orange,→,red,➚,0.341,
_World,World,68.95839657923774,,orange,→,orange,→,red,➚,yellow,→,orange,➚,orange,→,orange,➚,orange,→,yellow,➚,orange,→,red,→,orange,→,orange,→,red,→,red,→,red,→,orange,→,9.156,
