url,country,iso_3,start,end
https://youtu.be/vZUmiPQcAuY,UN Secretary General,,00:00:24,00:33:56
https://youtu.be/rj8r2mO2OYU,UN President of the Assembly,,00:00:28,00:21:36
https://youtu.be/mktMnyUq8t0,Brazil,BRA,00:00:29,00:22:30
https://youtu.be/-O7F0hDz0mI,United States of America,USA,00:00:36,00:38:13
https://youtu.be/D-RSH2Hrz7k,Jordan,JOR,00:00:33,00:20:23
https://youtu.be/ps02F0YXYWc,Turkey,TUR,00:00:43,00:35:23
https://youtu.be/suR3k5gYq4k,Kyrgyzstan,KGZ,00:00:28,00:22:06
https://youtu.be/CMGQWtxfsoI,Qatar,QAT,00:00:32,00:16:21
https://youtu.be/OEu5o3KvbxM,Lithuania,LTU,00:00:27,00:14:36
https://youtu.be/rm3FrBhEon8,Peru,PER,00:00:33,00:18:32
https://youtu.be/4TKETcsRJwQ,Chile,CHL,00:00:22,00:18:32
https://youtu.be/i_N1bg8v3cI,Luxembourg,LUX,00:00:27,00:18:53
https://youtu.be/Ct9hIkPmbYg,Finland,FIN,00:00:22,00:19:38
https://youtu.be/3_d8doI4SlU,France,FRA,00:00:36,00:33:22
https://youtu.be/M7zNTKIFlyw,Angola,AGO,00:00:28,00:25:18
https://youtu.be/8bPDmsM6k_c,Mongolia,MNG,00:01:02,00:23:49
https://youtu.be/9Ikk1ulwS8Y,Suriname,SUR,00:00:31,00:16:10
https://youtu.be/c96uVNixulU,Sierra Leone,SLE,00:00:32,00:23:49
https://youtu.be/-Cza8PzUo7o,Republic of Korea,KOR,00:00:32,00:17:41
https://youtu.be/XWhrppwTa9M,Bosnia and Herzegovina,BIH,00:00:33,00:14:33
https://youtu.be/aAt9O0slj-8,Dominica,DMA,00:00:32,00:26:38
https://youtu.be/uPiBG0xlPGU,Switzerland,CHE,00:00:31,00:13:03
https://youtu.be/PFUgajtLM3Q,Seychelles,SYC,00:00:36,00:13:37
https://youtu.be/lnfE3bZs5gY,Naoero,NRU,00:00:33,00:17:15
https://youtu.be/GggXTf6RAGU,Viet Nam,VNM,00:00:33,00:12:50
https://youtu.be/QyMJqIFJjVU,Tanzania,TZA,00:00:35,00:19:16
https://youtu.be/neHsR0Sa-Eg,Trinidad and Tobago,TTO,00:00:34,00:14:33
https://youtu.be/Q9DOMNohiss,Bhutan,BTN,00:00:25,00:18:46
https://youtu.be/8skU84PCfIk,Japan,JPN,00:00:31,00:21:46
https://youtu.be/mOjgtgEXSmw,United Kingdom,GBR,00:00:33,00:22:04
https://youtu.be/ZMF-H87mefc,Croatia,HRV,00:00:21,00:17:08
https://youtu.be/2XML5mQ_XZM,Belgium,BEL,00:00:31,00:31:00
https://youtu.be/05hxoIszjUA?si=_2zZjMRfIHDjUY0F,Morocco,MAR,00:00:30,00:19:02
https://youtu.be/gf8zwv7cvFQ,Syria,SYR,00:00:45,00:10:29
https://youtu.be/Q4lG8xQU8c0,Latvia,LVA,00:00:25,00:14:46
https://youtu.be/WUsRJ4TLbio,Iran,IRN,00:00:35,00:18:49
https://youtu.be/CJEYdiX0FLE,Burundi,BDI,00:00:35,00:26:44
https://youtu.be/kjPs1E8XCno,Romania,ROU,00:00:26,00:15:30
https://youtu.be/OQWO6FHvNLQ,Paraguay,PRY,00:00:26,00:25:23
https://youtu.be/CzkLcVWYuO0,Czechia,CZE,00:00:29,00:11:32
https://youtu.be/YBPHvu1PVAc,Argentina,ARG,00:00:29,00:20:23
https://youtu.be/e9sStKXu0J8,Estonia,EST,00:00:29,00:20:13
https://youtu.be/5mjpk3eD1Eg,Timor-Leste,TLS,00:00:33,00:24:48
https://youtu.be/66sKwPBNaVM,Libya,LBY,00:00:33,00:20:17
https://youtu.be/HlV7Zp4iOLk,Palau,PLW,00:00:29,00:16:50
https://youtu.be/EzTk2yrlxMg,Cyprus,CYP,00:00:33,00:20:50
https://youtu.be/JTrXYjUWfJk,Dominican Republic,DOM,00:00:29,00:13:48
https://youtu.be/IHnuNlH7eyw,Botswana,BWA,00:00:28,00:16:39
https://youtu.be/nRMcr-jPnRw,Ecuador,ECU,00:01:27,00:10:05
https://youtu.be/Dw0lNsV_b30,Ukraine,UKR,00:00:27,00:26:28
https://youtu.be/KmITYm9o2ik,Bulgaria,BGR,00:00:28,00:17:15
https://youtu.be/rB3FB3o4vfk,Central African Republic,CAF,00:00:32,00:15:48
https://youtu.be/AZbtJGqUvjI,Panama,PAN,00:00:38,00:20:25
https://youtu.be/vV3GjZxQZCQ,Ethiopia,ETH,00:00:38,00:14:15
https://youtu.be/WnSyajIfhTY,Namibia,NAM,00:00:36,00:24:03
https://youtu.be/6j2RIATwOzc,Slovakia,SVK,00:00:26,00:12:43
https://youtu.be/GNALugvzquc,Poland,POL,00:00:38,00:27:07
https://youtu.be/lvl0nQMAZ9I,Kenya,KEN,00:00:29,00:32:44
https://youtu.be/qLTigVu8VJI,Serbia,SRB,00:00:26,00:20:30
https://youtu.be/q1sjwQBZAyk,Guinea,GIN,00:00:34,00:12:23
https://youtu.be/JsP2fB162Fs,Mozambique,MOZ,00:00:32,00:25:20
https://youtu.be/1-ewayJ7Fs0,Eswatini,SWZ,00:00:35,00:26:13
https://youtu.be/87iCbMuugfU,Honduras,HND,00:00:31,00:14:57
https://youtu.be/4sDPeOsLg0Y,Venezuela,VEN,00:00:32,00:19:33
https://youtu.be/ASnplaINeO8,Montenegro,MNE,00:00:25,00:23:36
https://youtu.be/GSPtinjfhhI,Rwanda,RWA,00:00:27,00:10:23
https://youtu.be/ko-MqppeG_E,Uganda,UGA,00:00:28,00:13:18
https://youtu.be/Q7A7lAViy-8,Spain,ESP,00:00:24,00:15:57
https://youtu.be/N7q6IYk6J7o,Andorra,AND,00:00:30,00:17:31
https://youtu.be/LbKfjlBTxsE,Italy,ITA,00:00:26,00:16:22
https://youtu.be/GZzYK26pogk,Uzbekistan,UZB,00:00:32,00:11:47
https://youtu.be/Ask6M7eySMM,Democratic Republic of the Congo,COD,00:00:32,00:29:00
https://youtu.be/U6Khq8oZLP4,Zimbabwe,ZWE,00:00:35,00:20:03
https://youtu.be/6sJZwNwB5vU,Madagascar,MDG,00:00:36,00:23:15
https://youtu.be/Oh-4gmbxa_s,Ghana,GHA,00:00:32,00:27:21
https://youtu.be/6Rj3JRysFr0,State of Palestine,PSE,00:00:59,00:23:39
https://youtu.be/EBn9gBA4Ow4,Guyana,GUY,00:00:28,00:25:27
https://youtu.be/a0O-wwrugPc,Somalia,SOM,00:00:43,00:24:54
https://youtu.be/W8DCTH_sqvI,Comoros,COM,00:00:32,00:18:41
https://youtu.be/HNGOKQkTfjs,Liberia,LBR,00:00:31,00:15:38
https://youtu.be/hulJBFJUvQM,Bolivia,BOL,00:00:31,00:18:05
https://youtu.be/g-0nmhf5JXU,Hungary,HUN,00:00:28,00:11:17
https://youtu.be/wFZtvxcWaOA,Uruguay,URY,00:00:26,00:15:58
https://youtu.be/PDeuurJCFDU,European Union,,00:00:23,00:14:51
https://youtu.be/Ic-1BmXomcc,Equatorial Guinea,GNQ,00:00:32,00:10:33
https://youtu.be/mdTEVHQsg6s,Gambia,GMB,00:00:31,00:23:06
https://youtu.be/0ZcB4snPFSc,Israel,ISR,00:00:28,00:39:51
https://youtu.be/q3xsQIou-t0,Colombia,COL,00:00:36,00:24:29
https://youtu.be/ltHj2sckE4U,Portugal,PRT,00:00:33,00:11:38
https://youtu.be/IYqcUvxmGhk,Fiji,FJI,00:00:44,00:21:32
https://youtu.be/G2rcIQGsH_s,Senegal,SEN,00:00:40,00:15:14
https://youtu.be/WzbnE7StssA,Côte d'Ivoire,CIV,00:00:40,00:18:47
https://youtu.be/5VaeG8atI3k,Nigeria,NGA,00:00:35,00:14:57
https://youtu.be/rXg7QGRaLuo,Yemen,YEM,00:00:31,00:21:26
https://youtu.be/C-xyLYjnEP4,Kuwait,KWT,00:00:32,00:19:38
https://youtu.be/MnD2ANODy_Q,Barbados,BRB,00:00:30,00:35:58
https://youtu.be/1EnrCqI_BWE,Armenia,ARM,00:00:26,00:17:37
https://youtu.be/e-Qg_ZkagmE,Thailand,THA,00:00:28,00:16:54
https://youtu.be/waTVUY2hVU8,Netherlands,NLD,00:00:27,00:14:53
https://youtu.be/vQspFC5KjMk,Georgia,GEO,00:00:24,00:08:45
https://youtu.be/QukYQdGXo4M,Slovenia,SVN,00:00:23,00:19:23
https://youtu.be/ziBj9O2kMo0,Bangladesh,BGD,00:00:27,00:21:26
https://youtu.be/En7gvTuEIaI,Australia,AUS,00:00:22,00:19:51
https://youtu.be/_NZUkod7lUM,Greece,GRC,00:00:22,00:22:39
https://youtu.be/7GzI0WnMPWA,Ireland,IRL,00:00:24,00:17:52
https://youtu.be/9Mqooi_q9pQ,Austria,AUT,00:00:21,00:14:00
https://youtu.be/ox5RUYZ-U-U,Nepal,NPL,00:00:28,00:13:50
https://youtu.be/iYM6_Rf-9UQ,South Africa,ZAF,00:00:23,00:16:33
https://youtu.be/J_wnDKwXMKg,Kiribati,KIR,00:00:34,00:17:40
https://youtu.be/HDVIIPEIKcQ,Maldives,MDV,00:00:31,00:18:11
https://youtu.be/w-oFlcoDr3E,Iraq,IRQ,00:00:34,00:21:37
https://youtu.be/rSR4N0q4dw4,Monaco,MCO,00:00:22,00:16:17
https://youtu.be/d8vsUIpTdcg,Marshall Islands,MHL,00:00:36,00:19:19
https://youtu.be/GtP06obtZaE,Lebanon,LBN,00:00:24,00:21:10
https://youtu.be/BeLncM4uDPI,Malta,MLT,00:00:30,00:27:37
https://youtu.be/FRqig0GwFT0,Lesotho,LSO,00:00:30,00:18:40
https://youtu.be/vzMvHnQFlwI,Tuvalu,TUV,00:00:29,00:22:04
https://youtu.be/k4A7JfpwgZI,North Macedonia,MKD,00:00:31,00:26:19
https://youtu.be/NFtbV2NJT3s,Solomon Islands,SLB,00:00:27,00:28:23
https://youtu.be/ocxTNopUYVE,Saint Lucia,LCA,00:00:41,00:17:33
https://youtu.be/rm0vxHCCFJo,Pakistan,PAK,00:00:43,00:23:53
https://youtu.be/8TOM5VQM3Qo,Albania,ALB,00:00:28,00:22:52
https://youtu.be/CCxbQdjb_A8,Papua New Guinea,PNG,00:00:31,00:23:20
https://youtu.be/AKOpOmTYO3s,Niger,NER,00:00:28,00:30:46
https://youtu.be/aO0I768pLHg,Bahamas,BHS,00:00:32,00:20:10
https://youtu.be/2ecNN-Z4EJA,Haiti,HTI,00:00:35,00:26:15
https://youtu.be/8v7W03qBVC4,Liechtenstein,LIE,00:00:39,00:17:08
https://youtu.be/olAWk2fcY6g,Guinea-Bissau,GNB,00:00:26,00:09:27
https://youtu.be/7bEk8deBxBg,Saint Vincent & Grenadines,VCT,00:00:34,00:22:05
https://youtu.be/uOApI6anaNg,Egypt,EGY,00:00:31,00:20:26
https://youtu.be/R86D521hq3s,Tonga,TON,00:00:32,00:18:46
https://youtu.be/xTa6daA4BBc,Samoa,WSM,00:00:38,00:16:57
https://youtu.be/lBQkC6GghCo,Saint Kitts and Nevis,KNA,00:00:22,00:26:00
https://youtu.be/QumNUrflzgE,Azerbaijan,AZE,00:00:22,00:17:10
https://youtu.be/gl6EGofcv2U,Bahrain,BHR,00:00:24,00:23:54
https://youtu.be/3xKgJBbzz7E,Kazakhstan,KAZ,00:00:21,00:19:48
https://youtu.be/FOe5-WJKQXo,Mauritania,MRT,00:00:19,00:24:46
https://youtu.be/FmPxmArXt7E,Mexico,MEX,00:00:23,00:13:16
https://youtu.be/DXHHyPaKNwI,Mauritius,MUS,00:00:30,00:19:25
https://youtu.be/jpu9wyrfi1U,Chad,TCD,00:00:33,00:15:22
https://youtu.be/WdZUDYNqXyI,Norway,NOR,00:00:27,00:18:42
https://youtu.be/s8Q3bKOVOIU,Guatemala,GTM,00:00:23,00:15:30
https://youtu.be/EQXHpLqnagc,Sweden,SWE,00:00:21,00:13:27
https://youtu.be/8OSmZjFypRo,Togo,TGO,00:00:32,00:20:32
https://youtu.be/Lnw1sY5eLiE,China,CHN,00:00:33,00:12:32
https://youtu.be/musW-fEJUEw,Micronesia,FSM,00:00:27,00:20:42
https://youtu.be/2U2M_4Nycqc,Belize,BLZ,00:00:22,00:22:16
https://youtu.be/FBTdAVHSvw0,Cabo Verde,CPV,00:00:28,00:11:29
https://youtu.be/rsVMOdEHpDk,Moldova,MDA,00:00:32,00:12:55
https://youtu.be/GxzETAmL1sw,Lao People's Democratic Republic,LAO,00:00:41,00:17:51
https://youtu.be/hayZh-vWtsQ,Cambodia,KHM,00:00:29,00:16:53
https://youtu.be/MTtO-YXn0Co,Russian Federation,RUS,00:00:23,00:15:33
https://youtu.be/GkZFomdIKD8,Holy See,VAT,00:00:34,00:20:48
https://youtu.be/sd08XAWI1lU,Philippines,PHL,00:00:27,00:13:27
https://youtu.be/utivTYXBmoA,Cuba,CUB,00:00:20,00:20:39
https://youtu.be/jDLf_zSlV0k,Brunei Darussalam,BRN,00:00:22,00:12:21
https://youtu.be/C63mBZXfNns,Saudi Arabia,SAU,00:00:25,00:12:05
https://youtu.be/iUXOE4G07BU,Iceland,ISL,00:00:28,00:20:35
https://youtu.be/CxIZRezqyG0,Singapore,SGP,00:00:22,00:22:51
https://youtu.be/CuSDv4Ftiow,India,IND,00:00:26,00:16:47
https://youtu.be/yzBZyEw5LMY,Nicaragua,NIC,00:00:28,00:05:13
https://youtu.be/Pd9pwQqCQSg,Germany,DEU,00:00:23,00:14:44
https://youtu.be/nrMuMkobNeo,Belarus,BLR,00:00:26,00:16:40
https://youtu.be/tf_EDmSVVlc,Tajikistan,TJK,00:00:23,00:17:57
https://youtu.be/uDX-Gcas9yc,Tunisia,TUN,00:00:23,00:27:51
https://youtu.be/VvNTEOD6ziI,San Marino,SMR,00:00:22,00:20:54
https://youtu.be/UiNwYXcmjb8,Malaysia,MYS,00:00:22,00:13:28
https://youtu.be/qYTqucfm8Xo,Djibouti,DJI,00:00:30,00:14:17
https://youtu.be/ZEke1xl5YGw,Oman,OMN,00:00:28,00:12:26
https://youtu.be/yhbILw63f0w,Gabon,GAB,00:00:33,00:10:14
https://youtu.be/J6a9lGqO4kk,Canada,CAN,00:00:24,00:20:18
https://youtu.be/UiXOnmM3gsg,Jamaica,JAM,00:00:26,00:18:19
https://youtu.be/F-ZpB9aY_bI,Zambia,ZMB,00:00:30,00:22:39
https://youtu.be/ztPI8oFfwnc,Sao Tome and Principe,STP,00:00:32,00:17:14
https://youtu.be/UeE9RZK7K2o,Indonesia,IDN,00:00:25,00:18:36
https://youtu.be/_Wjvf2jJols,Cameroon,CMR,00:00:41,00:16:09
https://youtu.be/h_HqdtA08Cg,Mali,MLI,00:00:40,00:25:22
https://youtu.be/5YxjH_ZEBVw,Eritrea,ERI,00:00:26,00:09:21
https://youtu.be/vkOSQHol_i8,Burkina Faso,BFA,00:00:23,00:28:05
https://youtu.be/HNOxEicvTR4,Algeria,DZA,00:00:28,00:30:30
https://youtu.be/Oly6vM6Q40w,El Salvador,SLV,00:00:34,00:20:01
https://youtu.be/GX1q_r3OBlY,Malawi,MWI,00:00:25,00:20:16
https://youtu.be/RvYuTODMOZY,Sri Lanka,LKA,00:00:22,00:21:25
https://youtu.be/Lp5-354A0Zk,United Arab Emirates,ARE,00:00:21,00:12:13
https://youtu.be/pnni8LrKTz8,Congo,COG,00:00:22,00:18:49
https://youtu.be/l84LYHQr4Ec,Sudan,SDN,00:00:23,00:18:48
https://youtu.be/dacWSO5scIk,Democratic People's Republic of Korea,PRK,00:00:26,00:18:16
https://youtu.be/y9-I65YsVzo,New Zealand,NZL,00:00:19,00:22:26
https://youtu.be/i7bQVuelt0g,Turkmenistan,TKM,00:00:19,00:13:03
https://youtu.be/4L_9XWiVlTQ,Antigua and Barbuda,ATG,00:00:27,00:29:34
https://youtu.be/az2T7B-TQyI,Grenada,GRD,00:00:23,00:17:19
https://youtu.be/4qyujSoy9tE,Denmark,DNK,00:00:22,00:12:28
https://youtu.be/Zdo83eb0iZ4,South Sudan,SSD,00:00:22,00:24:15
https://youtu.be/sgfdmW7vO6g,Costa Rica,CRI,00:00:34,00:11:14
https://youtu.be/3tzQnA7WKmU,Vanuatu,VUT,00:00:25,00:29:32
https://youtu.be/UQqJpDLcVbw,Benin,BEN,00:00:24,00:18:32